chloride	rs9939609	LDH	sodium	rs2228570	WCC	glucose	rs1045642	IL6	gamma_GT	rs121908212	MCV	smoking	diet	bilirubin	albumin	nitrogen	MCHC	AST	lymphocytes	rs1800629	neutrophils	weight	hypoproteinaemia_risk_class	creatine	exercise_level	potassium	ldl_cholesterol	hdl_cholesterol	calcium	melatonin
93.17474508354016	T/A	173.27720128285182	144.8145317479038	G/G	8.396544494712801	97.22804468644505	A/G	40	4.500185233843623e-7	G/G	80.29684295924008	yes	prescribed	1.1316011852386936	3.5708712520338177	14.83887824369484	366.48294270541146	15.817416933326745	3.3569347231140947	G/G	2.180682330293709	159.75021053795055	adequate	1.6607931608027242	moderate	3.078738764747502	156.64866260614272	61.99584598602675	9.325716595008812	20.217358226572305
102.31065531952851	T/A	248.2278077417025	133.98690456067962	G/G	6.973707094622996	97.58995490480638	A/G	30	0.2266449059571036	G/G	87.15470098485038	no	prescribed	0.9318450861541407	3.6769421965741107	14.377072715199276	310.48356690649103	23.805391705378504	2.7821315079122533	G/A	4.119695533668404	189.68674684899352	adequate	1.2478081490847714	moderate	4.48862169573614	85.54577631255009	64.29936839861747	9.977687225619938	48.20271637459817
96.60755920006508	T/A	198.10463490861213	128.0694097699144	G/G	11.939360807705977	106.04707889826243	A/A	80	1.3472421502320269	G/G	96.06270178534601	yes	nordic	0.4501462679510212	3.0234128642402887	15.899458655772676	336.15238574340435	12.66426230226048	1.7015902258225155	G/G	3.728525532451191	64.45177555180054	depleted	1.7169512232501285	low	3.2234442427860106	181.79807598935324	37.706615953152145	8.911189608487742	42.01984970668262
93.6406334355714	T/T	295.6201324915111	145.4854059363753	A/G	8.852931479828808	105.92536239023592	A/A	10	9.575234153039641	G/G	85.35311992317436	yes	mediterranian	1.3303545937141203	3.276111473796472	22.944581885495673	334.75201526288356	10.838908350066001	3.3892284207485823	G/A	4.825990633367596	172.92787057895217	adequate	1.4973859400314056	moderate	4.7041682566882574	171.3851323687909	54.61152719643601	10.515188992500516	32.50726621287928
102.13380565958272	T/T	256.33851880670386	139.39006366543592	G/G	9.69985375539806	74.61459756434729	A/A	20	3.168840814553212	G/G	85.85609322194233	no	mediterranian	0.8323469591911469	3.4975293859938157	23.86209480634023	312.1433645171724	14.183569308819234	2.0596992727955845	G/G	4.905328233245254	98.14056908126717	adequate	1.7748097600532973	moderate	3.5578140719069857	190.8882676822512	56.9557430676187	11.50030199777796	17.5677856509242
87.21520295101185	T/T	189.62905134742422	151.84075932839426	A/G	7.934780787734948	91.72426196229858	A/G	0	0.6531815832414524	G/G	85.73982296452711	yes	prescribed	0.7898570486885218	3.7829802751293604	13.518952381328809	264.69501232402513	19.882129883575914	2.493630283219285	G/G	4.324003826061105	110.92895328787174	adequate	1.5832205079994437	moderate	3.490261981367773	198.28942892462146	35.58525752524725	9.98114648746389	30.429456619331717
100.1977069155403	T/A	250.67437673464735	132.57495151512887	G/G	7.617033153541473	98.22773781772487	A/A	10	7.823572630980509	G/G	101.0899476456236	no	mediterranian	0.9768778404695754	3.295316308372399	23.78255139891444	351.56210193714026	18.35687712653849	2.838379661032757	G/G	4.529974941511459	133.07130189670028	adequate	1.8395221040229788	moderate	4.564627500411215	135.0102865028332	44.279284428854936	9.86342208643298	32.452686785523674
109.62632139528006	A/A	181.5287569129892	141.14638704733918	A/G	11.280754098305696	101.12570937277606	G/G	40	18.654848744196908	G/G	90.96465932385185	no	prescribed	0.7196556260804856	3.7171389082596082	27.41652835582116	282.0717716970152	20.309500828386152	3.247509360094052	G/G	4.910989777111804	78.4371975607994	depleted	2.1829805874963455	low	4.23898946843539	171.74028678528953	48.350349229522784	9.36386050943654	36.30833678308763
100.62373173973828	A/A	231.89278929136415	125.69794197544562	G/G	12.34719010864863	130.6901225574884	A/A	0	0.004077303466844906	G/G	98.84166177992077	yes	mediterranian	0.7739392641568195	3.5317567782530395	18.615670377984227	296.7785371416047	29.050126597214362	2.653712981776973	G/G	4.164131672391216	145.03016416670374	adequate	1.7886683055012995	moderate	4.607126474161884	203.7039348618644	49.84799985372519	8.124087969810727	17.67942317681641
85.31708866569784	T/A	249.2884330933793	134.1526956847675	G/G	11.652467584814532	119.54544664671053	G/G	10	5.957789263908141	G/G	89.16020136900254	yes	mediterranian	1.356575423066627	3.075265756762888	19.809254723987507	312.98739383894076	18.30867178217746	1.996756084192664	G/G	3.927378862822141	185.38449973896266	adequate	1.7592736639869582	moderate	3.8319073015397103	159.43526085793985	56.49318342317791	10.226394103440743	32.21730693811233
91.18159213426567	A/A	246.70587133802204	138.28844915245915	G/G	5.934892722334216	104.24795088465032	A/G	30	0.0012682728772626267	G/G	93.96139072726447	no	nordic	0.8177509191537409	3.473493890317429	17.891349878647596	301.677314853478	12.095026560208135	3.207230684329479	G/A	5.77056128930956	105.01488585243254	depleted	2.6955147943485303	low	3.1667779492473196	166.48326600857672	55.48071205244689	8.746632182368085	38.252700682561475
99.7561165032911	T/A	261.1705475709549	133.65930252812808	A/G	8.256219740426648	130.14601824607007	G/G	10	1.5806084372541705e-4	G/G	76.55814384949659	yes	mediterranian	0.5099564717091856	3.763321241617515	19.956144181432215	331.93157873067787	13.246908557389876	3.1560839109730088	G/G	3.0644113843885377	127.7341115563942	adequate	1.8007874892329652	moderate	3.286769916473209	157.4985209894225	44.86008584088302	10.79460978625992	32.817927700242414
103.50442902615521	A/A	265.44085876663905	145.77215267138803	A/A	6.84042744346641	94.69500028769855	A/G	40	0.3227357649755268	G/G	85.05586167382886	no	nordic	0.8459683725837135	3.1042810952610624	18.051030359002485	306.595184145321	15.799211474167782	2.2390422197492934	G/G	4.003970298207843	117.03285261906069	depleted	2.1307794652980827	low	5.400895245546229	146.97271277704627	47.051921263178855	8.25630983956921	39.72908000255386
97.54978799967125	T/T	232.603389973424	138.5933422852329	G/G	8.529775003730574	116.60493810090507	A/G	10	1.213075412375151	G/G	91.96996145545509	no	random	0.8500688500892939	3.3993182817785614	22.637720828659774	300.37194724460664	15.762636152210707	2.998015619879225	G/A	4.422506940952175	148.6324961849025	adequate	1.8283840833778289	moderate	3.3776050778235542	167.94884141013716	57.24942051146947	9.853145518855431	22.596170355998602
101.22166592138238	T/A	242.20208403490878	144.08719071400972	A/G	9.440366769191744	84.19349739590913	A/G	10	0.08544325505679774	G/G	84.6232608724952	yes	prescribed	0.8463064607169029	2.9644327708846845	20.57769139626061	220.36049946916853	7.095195127575611	1.9202575416180185	G/G	3.7886758428768195	131.80408237376295	adequate	1.1879723386829348	moderate	4.289490583526631	183.32815601212954	53.24909878155522	7.787242363068812	27.70296465424753
109.19580360609535	T/T	227.736379617508	138.12814816650976	G/G	4.222578392323394	131.9678664924064	G/G	20	27.234018196646804	G/G	83.78959505080562	no	mediterranian	0.6132091325185164	3.329788061746791	24.70144319648832	356.6480160239704	16.18798208138066	2.196305139961154	G/G	4.49686586442882	61.68361849604321	adequate	1.7480663349853036	moderate	4.38647227731153	145.9386752744085	57.87597256534221	10.931055939212255	11.600219006915303
92.46977823071897	T/T	239.98822512874807	136.80884748183607	G/G	8.49299204057859	101.48946616343531	A/G	10	0.0019012345543445264	G/G	82.18115347799187	no	random	0.8561129983807151	3.705893853738083	20.38642684130809	299.73177249079924	12.682027737875401	3.2727299637394807	G/A	5.043716790802202	149.4936924426895	adequate	1.5485210930892455	moderate	3.147751135515632	190.08159520582245	56.49268169650583	10.78355374656272	28.13372067850826
96.50311518159664	T/A	166.27917500599398	136.91700349652723	A/A	6.080840028414377	101.27652677308203	A/A	0	1.489206329430616	G/G	96.22275635053718	no	prescribed	1.0825504784795883	3.217641489347072	20.020230730458913	301.38197992947494	21.103879792277667	2.769832017817718	G/G	3.688499826704546	140.57437598477608	depleted	2.2618365867843133	low	5.7206322590489656	156.23999868442485	49.69252805277213	9.510219808993075	37.96862486596992
116.27779140369516	T/A	241.07741119375262	137.71186862588488	G/G	8.130895873619439	110.66507106620739	G/G	10	2.4424185147352477	G/G	89.43122094169797	no	nordic	0.8260955406548948	3.9763127236241	20.24417210536781	266.74592289726365	13.036645061679968	2.10468301835097	G/G	4.498085669253232	116.87469527121362	depleted	2.1274444643236503	low	3.8214426999225224	173.42291298719437	50.06926844085602	10.750214263171571	31.816785315346756
87.97413678184932	A/A	100	128.76835443543393	G/G	9.170497568673913	88.59459966613161	G/G	20	7.619369199158138	G/G	105.59832830667571	no	prescribed	0.9309704740959952	3.5697601877102407	20.670348257109328	268.30552328225053	21.822179180838166	1.3228325084660133	G/G	2.9318432638924734	75.04257173715573	depleted	1.9042380449370981	low	4.892508668829492	121.43119514131351	53.04349161159216	9.329527624263424	29.433107921061335
92.8327436382268	T/T	231.31163785382765	136.54281614460484	G/G	5.119713406272248	120.70289177013933	A/G	0	4.70045918936177	G/G	86.38399571328209	no	random	0.7530633858920978	3.390232888548738	21.87587793099209	304.63096312565415	22.03368334289008	2.3223067670627664	G/G	3.535966530669559	135.15672440604644	adequate	1.346374884625027	moderate	3.526161057634807	179.5261753058549	47.35183097218842	10.013040097695892	20.419657825286528
99.64658436908785	T/A	177.27264735635828	133.92469968730398	G/G	3.5320086113971167	81.89572527717851	G/G	10	0.012556853596900217	G/G	72.74246423643882	no	prescribed	0.5873857885499819	3.53439746689223	14.528944367720554	323.0141696105155	17.931574313114726	2.8488937043083435	G/G	5.683571697303508	84.96362778590449	adequate	1.4452005890950774	moderate	4.630710736894953	117.76870790751728	58.29284162991698	8.276577889075204	25.394025233539686
81.81177241110889	T/T	162.77613564324648	136.64400972962045	A/G	6.964580365311436	111.23566484958815	A/G	10	5.077529606393336	G/G	81.04080028702018	no	nordic	0.9963262405571007	3.580409270397136	15.785314238837824	200	23.20475514701819	3.041910473700068	G/A	4.054515437066955	111.05108546494873	depleted	1.6505373403332038	low	4.525792350276729	164.44481536405053	49.02983860840308	9.214515864219477	16.374082659084397
100.65570048001578	T/A	200.08605688389048	142.71920130167229	G/G	9.121628276762436	98.28072540067632	A/G	0	0.001177374326974849	G/G	77.97478641528133	no	prescribed	1.1436630280156015	3.5636024610440193	20.788917867730447	307.1581610934854	18.330855983106837	2.7387839758281043	G/G	4.139663452067006	123.95565707287133	depleted	2.2443509813794043	low	4.086511255861309	153.45913309043527	63.124456939693744	9.659076710730139	35.08878632303588
111.86276856359133	T/T	238.68714581314148	128.37126615114263	A/A	4.083966092205751	98.4373973705004	A/G	30	18.140488480096817	G/G	87.72307077702219	no	nordic	0.6779132061082831	4.11961328520643	17.9838682994149	274.6773045214865	21.897772036933297	1.9701320869150143	G/A	3.650770165265636	104.86809011579965	borderline	2.1307015009786343	moderate	3.883333539522136	128.8897924254435	56.217699235792274	8.166393022779742	31.86519245222208
101.31981171452313	T/A	179.75391224611664	134.58409151748336	A/G	9.176673278189583	107.11680808416644	G/G	20	0.3778162648711461	G/G	79.77251764674278	yes	nordic	1.1220503207319152	3.429853802375523	16.772294060326445	378.1702993965165	19.805651665563992	3.151172715300716	G/G	3.3736444906302783	85.87533340878643	depleted	1.3134302249548029	low	5.0909168006388885	167.87337896072705	50.29609195317529	8.784218421684082	41.94312725264042
98.26539614051745	T/A	245.62985001580617	135.9293368671905	A/G	8.10436488236381	88.83120378607273	A/G	20	27.904642082001395	G/G	82.8937126612984	yes	nordic	0.7791399243282568	3.915218813524861	18.039873939320568	331.5592549153798	17.051228174676126	3.733544067145935	G/G	3.6849810151784537	57.08095127101173	depleted	2.2237114028700917	low	3.846937907121588	106.26302673922399	55.84945510290436	8.988874454118825	11.65548360742352
104.2712550434314	T/A	264.07329322743476	131.4610710643785	A/A	8.807133253440314	106.57429432514282	A/A	0	0.027724743834438913	G/G	97.21502719845247	no	prescribed	0.9696177826863249	3.6827494872618405	25.980882021958813	287.03015062297516	11.068529985586485	3.2363321956007116	G/G	5.739279407655383	117.60173890996838	adequate	1.7335145831660739	moderate	4.896833875175358	181.36677147226493	64.6471660699734	8.143702714572921	22.899206200345994
93.14808253419226	T/A	193.1749420120282	130.25475004129737	A/G	8.18878444506597	93.46389050513139	A/G	20	0.5255416180261004	G/G	89.12996507266865	yes	prescribed	0.9421891267727166	3.7262873347395895	10.243351487841743	344.7629552330131	15.065167047426813	2.4879651188150405	G/G	4.921989630802838	94.1708040077618	adequate	1.4926260092231067	moderate	4.549613973855941	194.2899725577115	45.496278283301486	10.556333894884395	46.896073327269825
100.75714785535597	A/A	225.8126297323787	136.91999492242473	G/G	12.602499345037886	101.87808416280532	G/G	10	7.8043364974916845	G/G	83.51451753935663	no	mediterranian	1.1119132026100056	3.6256015091952962	19.974039555390313	351.515875996308	18.590767914438302	1.9730955975735918	G/G	3.877026982649707	153.30062247724914	adequate	1.8272739152557178	moderate	4.73814893407217	103.11931126861856	44.6039591084416	8.907210648828386	36.05228588663874
93.22330458763611	A/A	225.5746261579393	131.92686786714214	A/G	7.998030669674384	101.59501510582525	A/A	20	0.6357875226483174	G/G	92.41824858233215	yes	mediterranian	1.014423744698969	3.1659638780039807	19.968586032810585	331.52683287635386	8.749575801037253	3.3121839031768836	G/G	4.423709155747504	163.68300148869307	adequate	1.1599561039070059	moderate	3.201630883990726	192.50762585336165	52.866070771321	9.416279360078594	26.568411194591857
92.55093811099515	T/A	243.64990885288609	139.5403394579704	G/G	6.8767571492409685	113.38981250477262	A/G	10	0.7361636255392029	G/G	80.43554049193753	yes	nordic	0.4685875448923373	3.836422757739272	30	324.2205841619415	12.125069926286224	2.5997751435222183	G/G	4.761520598438823	93.9277782242491	adequate	1.8550619880233956	moderate	3.422617851940257	189.30102510116154	66.79648692288588	8.482456345987057	34.233015340509674
95.87861829249472	T/T	207.7991219147774	138.56052897367164	G/G	9.56277727490448	108.90956501504041	A/G	40	10.83605465030231	G/G	91.77832604572744	yes	nordic	0.9330438788655192	3.517646903079303	9.41571011890103	267.7728189251483	12.733413933451244	2.6700445861557953	A/A	3.638895857934508	152.86694037149317	depleted	1.4644663809757663	low	3.9583456352074737	119.27508091392085	55.150172058083385	9.938603790823038	37.95658266985228
106.07848015719733	T/A	246.6147038226375	133.902114054985	G/G	9.506223330594151	106.52885211402645	A/G	90	8.406191697076022	G/G	89.18765382647089	no	nordic	1.129861056646948	4.418052008761371	19.250481639918128	271.7841728047768	10.746257727910606	2.45720379836197	G/G	5.5337679920614065	135.50385723712293	borderline	2.2724727819460337	moderate	4.301879100348612	204.29759210256427	58.075878607282	9.989392499406081	45.114095162242776
91.20602130036434	T/T	229.3768313262606	145.22329714692523	G/G	10.547485320033548	77.20856404773346	A/G	10	0.0782829761175863	G/A	79.69548553906631	yes	nordic	0.8154071383140951	4.066125570677823	20.844560199914564	260.5733943816493	19.110916170227515	2.04656028235349	G/A	3.950334250096708	109.46262305581499	depleted	2.6188000781107093	low	4.902403725970617	133.30706434749362	51.96580774283298	10.031443619288892	31.01814184335934
85.43293225188171	T/T	264.26901495646223	130.9417265871787	A/G	7.040854865403697	76.03971204334363	A/G	30	21.80266641504043	G/G	93.05323599746433	no	random	0.4945664073904	3.424173516446719	18.626247179947796	263.1642522456897	10.590917590485759	2.477924973353001	G/G	3.8251167546503257	96.98239557776438	adequate	1.0826264656631146	moderate	4.827316647427052	170.16337793156615	41.585329172638204	10.096537408801742	17.96430655481674
94.06264191859924	T/A	280.26833956222674	126.38904721439108	A/G	7.687807222261804	93.33162778114666	A/G	10	45.23777702685231	G/G	87.62107323706954	no	nordic	1.2105051932920121	5	20.34578306131507	288.935784606226	16.020211541226242	1.9610958919177421	G/G	2.923832656220789	90.49944031014849	borderline	2.6108364956686696	high	5.445845067482056	209.27837252047794	47.77877086690256	9.11391115031428	32.1173746096753
105.8661063060116	T/A	195.7774605081278	129.93609679061223	G/G	4.52515224982898	109.48021857105383	A/A	0	1.292594887931438	G/G	96.3608726398679	no	prescribed	1.0148484078807538	3.671623315967575	23.8292641501442	298.51790053077787	17.006537248315162	2.683539249537077	G/A	3.589162801456698	126.87276555475083	depleted	2.515496099699543	low	3.22276108825651	206.4353225799989	50.7227709137249	8.87750396318044	20.20497232748557
82.04481780066634	T/A	241.98852057052756	140.49678905108658	G/G	8.762728029748338	118.4829554136567	A/G	20	0.0016100087344463733	G/G	86.63625160131595	no	nordic	1.041022009509529	4.502801529203941	21.77132213115828	266.83465562853183	19.127200901557416	3.3468739919433483	G/A	3.6271097766181484	145.89538790193228	borderline	3	high	4.67986492023334	192.03819028766102	57.4279506562485	10.276758160490788	23.37436991146764
104.02874377704423	T/A	251.16644498204184	143.5479844359374	G/G	5.632153627483774	100.62152102685836	A/G	0	13.836849413359348	G/G	77.2712345457353	yes	prescribed	1.2486757893812848	3.4929875441470726	13.76458562247666	324.3208522356928	16.148855404937713	3.0097857206231686	G/G	4.794709068330832	103.19741897490135	adequate	1.8707069653135373	moderate	4.521275371933962	223.15400477757655	64.0403639316971	8.201336095254206	33.8889769573756
90.8784402275634	T/A	230.8664994554508	145.50020125001313	A/G	6.813757672265794	116.00886436067293	G/G	10	0.31835419727772085	G/G	86.47638347671293	no	prescribed	0.64156962694341	3.6845005632016203	9.238065197019628	315.2350052072903	14.918142932640595	2.04899857767887	G/G	4.133073941946366	141.95558265689226	adequate	1.7186863247479183	moderate	3.2361866639231134	126.58444406874384	65.54862005896382	8.615085979646885	43.85009753603179
93.36766951966972	T/A	238.86913742331387	128.38889321927155	A/G	11.600255151774947	91.92765778329547	A/A	20	1.9795052310761898	G/G	86.0787016765615	no	nordic	0.6926138522886819	4.887309108409028	23.863212563277493	260.826188121267	19.734582392436657	3.749500049559634	G/A	3.435157714334387	123.91291950671402	borderline	2.5592012749939985	low	5.302230617056181	194.54050288148665	57.25469015566394	9.66221080437083	25.243680037443355
93.36766951966972	T/A	238.86913742331387	128.38889321927155	A/G	11.600255151774947	91.92765778329547	A/A	20	1.9795052310761898	G/G	86.0787016765615	no	nordic	0.6926138522886819	4.887309108409028	23.863212563277493	260.826188121267	19.734582392436657	3.749500049559634	G/A	3.435157714334387	123.91291950671402	depleted	2.5592012749939985	low	5.302230617056181	194.54050288148665	57.25469015566394	9.66221080437083	25.243680037443355
94.75033400284491	T/T	241.6936075436377	140.9032722033134	G/G	8.52065854635734	79.62131084626324	G/G	10	8.879254448282419	G/G	89.80948307594518	yes	mediterranian	0.5506379726896835	3.1635490747706307	24.144833300085935	230.77394624726358	16.302846961098076	3.4419884148799977	G/G	3.251999506588927	108.0421914801679	adequate	1.5471797234362044	moderate	3.7006127102256903	176.69216186302066	36.82325722447256	9.233282720737673	20.987533162063148
100.6092779087083	T/T	263.1472941185275	145.08134966455424	G/G	6.42301851076566	111.12826821556564	A/G	40	29.839278947379764	G/G	93.40594072871141	no	mediterranian	0.6176976937564931	3.771023524120635	17.94895193367671	339.0612974367011	19.334475225838897	2.756750626650713	G/G	5.46851978276522	145.46838773299748	adequate	1.7917911836657483	moderate	3.622255363015055	131.58470416911732	37.28121636449005	10.531065322792184	26.783457010965144
100.04865020068479	T/T	137.8142742806557	160	G/G	10.43294587781765	83.87029437244394	A/A	100	0.13630447449993888	G/G	95.3995009919239	no	nordic	0.786802173056296	3.7745619025038266	22.365491502620152	266.3628656054113	14.047239882456736	1.361582480999856	G/G	4.2920319641654086	80.29178774208435	depleted	1.3836845682513004	low	4.004650676402486	120.1520718352087	63.8473487091856	9.64079428180311	14.731837109131366
96.05237598650744	T/T	258.8478411283321	139.85077182290087	G/G	7.409668579523669	107.32821171805341	A/A	30	1.2869058154220186e-4	G/G	84.11212332631406	no	mediterranian	0.7608313491834666	3.5615626776715006	18.78566220875173	299.7309924782634	21.062310239096604	3.3684548797874054	G/G	4.5693804665976865	78.87193389461027	adequate	1.8219456919440555	moderate	4.178697735889824	186.5526509716684	41.36854411413894	9.704664098998993	22.352007571515845
90.65363696820631	A/A	245.3279873627303	144.65915781872297	A/A	6.655353356136107	78.70717112953201	G/G	30	2.182848344165488	G/A	79.12095224145885	no	nordic	1.0827105572717162	4.377619929009031	18.063181395846588	298.5027774167591	18.650069377095964	2.318383754822754	G/G	3.7040447123252496	136.71376751201385	borderline	2.368259402873575	low	5.583263719869743	237.57065896330232	56.95094104122277	11.428165973250286	26.950351322327222
90.65363696820631	A/A	245.3279873627303	144.65915781872297	A/A	6.655353356136107	78.70717112953201	G/G	30	2.182848344165488	G/A	79.12095224145885	no	nordic	1.0827105572717162	4.377619929009031	18.063181395846588	298.5027774167591	18.650069377095964	2.318383754822754	G/G	3.7040447123252496	136.71376751201385	depleted	2.368259402873575	low	5.583263719869743	237.57065896330232	56.95094104122277	11.428165973250286	26.950351322327222
117.58020194577313	T/A	244.57309866969143	153.04821452308602	A/A	8.806554031132178	87.77982924910731	A/G	20	1.0632341897069715	G/G	83.62090502684774	yes	mediterranian	0.9740142126460943	3.7241609304952514	24.249255971160085	297.59896271760056	21.111569574312504	4.121429904122867	G/G	3.706945176936606	125.38096991586207	adequate	1.6979259745396136	moderate	4.381194183612051	129.75410158630677	67.43376172413767	8.511310234873093	45.49916106138963
107.02249239091518	T/A	252.25341658444532	140.69919822174734	A/G	7.73381214094496	118.65477963249157	A/A	10	0.4085282292807351	G/G	87.59156763723621	no	mediterranian	1.1362208542310779	3.5223452731504343	22.00692962316987	215.15710405418642	19.707087752986876	2.1989675114244527	G/G	4.647473774812676	120.56246769466105	adequate	1.5020483720607665	moderate	5.2916716053264405	165.7888394371392	44.693907695336335	9.887990696354285	40.17100557426857
88.83508575117972	T/T	280.50145523750456	138.69167038949925	A/G	7.816988161498757	91.69113192937398	A/G	0	0.014215620710959583	G/G	87.72485697969803	no	prescribed	1.0571684922955844	3.520826307452664	13.8940472681452	320.60452665871276	19.838778625721595	2.710627604314192	G/G	3.8128675095823863	128.05088797827136	adequate	1.6083611692002528	moderate	3.936295239373286	184.29095944667023	63.84861766890379	9.153007668777857	36.952396994786
97.33375609844077	T/T	202.83459468532246	137.75211717703144	G/G	8.460653647924445	131.59593848670698	A/A	50	13.808366286206759	G/G	94.08900999338456	yes	prescribed	1.3168802389672665	3.615884225977492	18.82063084511273	279.90781411087505	17.142164109541802	3.3762982056315956	G/G	3.4375091193471397	157.50993028342413	borderline	2.2716661415254955	low	3.834112153805568	199.74120601333803	45.28482768939823	11.182794448133357	25.217524377733398
104.29047814834415	T/T	245.56229089963534	137.9549293512175	A/G	6.542165314376619	97.99950070441582	A/A	40	7.678604384873094	G/G	91.31604093733729	no	prescribed	0.5706793565625498	3.6924141497998493	14.081827110297414	324.8400889794259	14.928746428228667	2.427008905450804	G/G	5.698733107874175	105.82630799865046	adequate	1.7835769434414204	moderate	3.8828356366631587	171.46099283405653	50.9882043307923	10.504861066258059	27.62243421915907
92.53298840137208	T/T	159.78249335442695	143.6863058975859	A/G	10.531575757457059	96.84259215980762	A/G	20	0.4606951880864809	G/G	89.18019561378934	no	prescribed	1.1528763413303635	3.4989807728097118	19.78149162978881	267.6182475931046	17.23947602738938	2.4483105570575074	G/A	3.6416790603903406	150.96953153444116	depleted	1.6629447889967244	low	4.127475403482778	152.38860086536096	45.11357646137526	11.086820451276179	23.490323434083404
93.19927447648678	T/A	195.08757705600402	133.65292946994356	G/G	5.816439734325032	104.4909441247186	G/G	20	14.245898213472717	G/G	97.71332567678604	no	prescribed	1.018904729902097	3.4330194871846267	21.05872405322021	281.4892448861446	19.731935189928574	3.0516210467900593	G/G	4.836109355476015	146.16526676714136	depleted	1.968654025065942	low	5.015176639259174	210.31232481747685	57.515286629750385	7.363286990536571	20.197009782376217
92.78366001035575	T/A	241.52624171735636	147.50758095867087	A/A	8.470828814495679	102.39086181247907	A/G	20	1.5413487928435956	G/G	93.55743896348616	yes	mediterranian	0.9287943299945787	3.827545059517421	21.333597732852112	299.73680230321753	11.89697963318837	2.8462326497746937	G/G	6.112972234627875	136.00578822132726	adequate	1.6149034164539593	moderate	5.022518953595808	158.76648162635627	39.44204833479748	9.949294407472475	44.852099231114465
102.63154655107792	T/A	277.7100068546033	142.30572040085704	A/G	5.154023567619679	93.69910496620476	A/A	40	70	G/G	83.6516139640118	no	nordic	1.0173399152012792	3.872895374377389	17.879896297227276	272.3406148188259	16.654092711311392	1.6061848522459377	G/G	3.930551824401322	113.02505724628412	depleted	2.0833536845378458	low	5.046108528407123	151.67778040843365	64.97273508459591	8.963001396359836	34.756657933047876
93.85424366055025	T/T	200.3309208260021	131.79013191013226	A/G	6.54843767000847	120.61408536699048	A/G	0	0.5784496829244238	G/G	81.22561428148106	no	nordic	0.639779984339868	3.4958005482655863	11.940219265669128	269.92453901307607	17.696095414497208	3.288418805693356	G/A	3.899439938671069	152.3374211286537	depleted	1.8375050191116968	low	4.316681758545861	211.64702138798174	47.61861085848729	9.6372498616752	28.05318429418935
96.53780342670237	T/T	273.871850396643	146.17029308551167	A/A	10.294115218494946	92.27345386846017	G/G	30	2.155278995656621	G/G	80.91325075742391	no	prescribed	1.0402242282631833	3.6498085284955923	21.67246069047021	208.3978761036917	14.02737052002478	2.7198792767812527	G/G	3.9950108702166767	161.80769314884566	adequate	1.5423888169869964	moderate	4.4693814333578334	125.4871029947473	68.11717800490368	10.50556570583634	20.642933333288273
114.64860753837007	T/T	184.35010652226254	144.38976192951046	A/G	9.602779858694463	82.82309531257502	A/A	0	5.501485361622303	G/G	93.89080462552806	no	prescribed	1.026674432198007	3.754641266813438	20.018362028906004	310.3507032965957	19.027065219211174	2.0232160543070865	G/A	3.207315830465033	143.999952696725	depleted	2.3950684670273557	low	4.05435318643937	250	38.32236727781581	8.714693750430818	36.10745576114724
93.44654510788683	T/T	245.15269944458623	144.41344991946164	A/G	9.501156360764327	106.72926368990876	A/A	10	5.829887729987092	G/G	90.51713171336299	yes	prescribed	0.8897059375030338	3.6316732463772388	12.886626380565417	278.4948271513799	13.367595913359436	4.038532599772548	G/G	3.7743350885034195	80.85068737624431	adequate	1.6503784090851492	moderate	4.130664619297945	187.7821452885059	40.55337850375791	9.187926838655919	36.56670179896594
100.52501909907475	T/T	178.07612795178375	132.56939756017076	G/G	7.47627769024617	117.35760036014523	A/A	30	0.47743852057199937	G/G	88.24190073796726	yes	nordic	0.8732144326250718	3.6291773620211476	14.924404717920254	274.52951047027244	22.429954453179796	2.653229982505416	G/G	3.979992671111388	103.67995023238743	depleted	1.637934035348517	low	4.699007968151185	159.44174796100572	51.04459196187846	8.082309564065834	34.169984948686086
89.12317396036728	A/A	225.46049205898635	139.24540072779743	A/G	10.217951649308791	99.5167291453946	A/A	0	33.45391136639584	G/G	75.23353556458949	no	nordic	0.5745533309228235	3.5206293394290826	18.32556334432025	328.6975564899428	14.186887749110467	2.766197899834085	G/G	4.817553995423324	158.53737616863162	depleted	2.181818796274748	low	5.433170240960431	193.5919704950551	58.19092407136952	8.495157928523366	27.802731059955704
101.26195819685016	T/A	268.4472137616722	144.74203888759442	A/G	6.72965461311861	91.36904860635951	A/G	10	0.5382368182434759	G/G	84.60172532233675	yes	prescribed	1.1297331680855751	3.683119977440518	11.32107534236075	296.7431309533477	13.625488282059573	3.1846521658458626	G/G	4.44560814485866	106.3865555053481	adequate	1.5481033687455366	moderate	4.4395418248798055	146.7838478634746	65.61695628393403	9.684716067183919	30.431055444294774
100.24974758069476	T/A	235.25676997411304	140.82161463455634	A/G	4.248282446407436	94.71863036280934	G/G	20	4.467035531900577	G/G	100.65119886517056	yes	random	1.0214997890849693	3.542771255775814	28.79288564474093	241.15790783196465	22.26574503493429	1.7896189132253695	G/A	2.0300712172780533	156.03572430885083	adequate	1.5119596606235723	moderate	4.736990355569347	176.49340353950993	57.27009463492425	9.635783292560813	5.514553769643423
96.8703751211506	T/A	203.00434365701102	137.0316505423186	G/G	5.593182193840519	102.09792816443523	G/G	20	0.8874463719153691	G/G	87.07134554754282	no	nordic	1.1215967029023979	3.164204082850342	22.943035445455486	250.086145712169	18.455136906870756	2.7169305763975125	G/A	2.264647422495495	140.32517980429276	depleted	1.584159709308552	low	3.6798784939978715	186.79030958746796	61.87894582179014	10.84691842626231	0
86.30670097746724	T/T	244.73550828502036	136.601166885975	G/G	8.735660714324798	104.56036853056436	A/A	0	0.9256014965512082	G/G	96.14420905497322	no	nordic	0.7186975191645739	3.469842257546048	24.699350979608933	307.9200608526363	12.313129918033647	2.767587441064413	G/G	4.797250376306552	90.26884267906863	depleted	2.159800204256311	low	4.945545446592555	97.5498015953917	47.768320762385116	9.818633071497082	15.233384731637049
98.08607167036261	T/A	240.65153186024313	138.37515236933658	A/A	7.80626905192735	85.66060903410502	A/A	30	11.33189055211297	G/G	74.73981837483413	yes	mediterranian	0.9491675256554681	3.707677287592995	19.737415393527655	234.01518543533484	17.457587714341855	3.4760502053846403	G/G	5.465641111400485	138.44191184847224	adequate	1.7720145836056662	moderate	4.192403088116009	156.90148029747735	43.677365735589134	8.889277587419059	22.749678051464056
107.10418058385387	A/A	227.0471055802892	137.0819067565474	G/G	8.087103418663906	93.87186992861658	A/G	50	36.761283585461214	G/G	85.66301589159859	no	nordic	0.7746423849632624	4.399384292368964	23.26430272584175	333.8125194220269	17.263175719999612	2.5205206394039017	G/G	2.1285969096546884	146.22642186210703	adequate	2.208345705847751	moderate	4.21150156925583	219.19441660270027	65.43870635118714	8.596127297790408	33.25336459845112
88.19308895926082	T/T	202.337065750924	141.90729252496814	G/G	4.26779131970849	81.5143591974364	A/G	10	0.7888226876829362	G/G	99.34884587381738	no	prescribed	0.5749942478586433	3.679915095336945	18.09331655566075	299.37141672286464	24.637844837100353	4.001561973703868	G/A	2.943966928568317	105.64600534562882	depleted	0.979182653393522	low	4.289182082971445	124.80251106797218	48.073876116513034	8.702998867943322	25.611030728791746
97.44441982193649	T/A	272.8618773198708	135.92901417109238	A/A	9.853220870450954	112.47191355826837	A/A	20	6.592829399783254	G/G	88.07758495864354	no	nordic	0.9541356716435695	3.870722026278364	17.914196855689323	271.5356050704582	15.03283567528318	2.3572760256673293	G/G	3.387608398969464	144.91915758166124	depleted	2.145585605256305	low	4.518122488499471	154.80541995291028	41.642658945702266	10.656237915628116	17.568037997407618
92.27586760523144	T/A	203.33429781273378	142.40496975518218	A/G	11.706394082652626	88.46652594859421	A/A	0	1.131392468487708e-7	G/G	92.61123515853336	no	nordic	0.9308171965634959	3.5120069400357647	23.913755588776375	316.88555377267426	21.9554318960625	2.0371198444446783	G/G	5.677900847887849	124.91109157788189	depleted	1.471417836123306	low	5.371494360311061	150.1541629109753	35.72164005744754	8.407693055475756	28.12507466558169
102.33607871835004	T/T	194.52495597088074	141.7702994646781	A/G	3.5	93.48127538056181	A/A	40	0.25177819772903554	G/G	98.42118254705937	yes	prescribed	0.9715062681105313	3.3517764787029165	14.267481697335835	330.4595033331342	13.031308562491002	2.829611454206981	G/G	3.8110831343440563	94.20185350549545	adequate	1.6524267897631908	moderate	3.5701678517884297	169.92766536461096	47.36730284552446	9.818321920925362	35.60888821649112
109.68532946928258	T/A	243.9705028373411	146.81394531279452	A/A	11.174619731380059	92.99344031302392	A/G	50	0.039011432180048905	G/G	93.1653604983746	no	nordic	1.2332273979724773	3.97096937362093	18.652249594837777	270.1451150790896	30	2.1717328835921634	G/G	3.477429546647219	134.35720272339373	depleted	2.2745955083451026	low	3.977918868079709	144.72174391333613	35.27177652577973	9.225589382970696	19.272317406824442
100.68835610535962	T/A	239.65810318437232	138.19911733241162	G/G	7.316808521250343	85.04675305496167	A/G	10	1.2440766857196197	G/G	86.08494188179753	no	prescribed	0.7208748574708708	2.876240303510622	13.901891019019995	290.0831855841443	18.13856657627393	3.2475486605816757	G/G	2.106254567340417	162.0661443561781	adequate	1.6404479727539147	moderate	4.61722166954428	147.77741399350813	64.82139315562758	9.175559501944509	9.219132213241776
105.21994188432402	T/T	201.4587292105822	139.31806169375346	G/G	12.191753447275767	114.9201681384325	A/G	0	35.12089837577323	G/G	94.81857379311222	yes	prescribed	0.94043354208877	3.4808817481126626	8.263879465445413	346.2427022589466	15.850967264250118	2.2942782634974286	G/G	4.071081166724459	125.4829404776094	adequate	1.8229581581128877	moderate	2.6991790720638997	158.28910429601154	60.618043914087295	8.212301280572746	27.69838436457734
97.75984837008411	A/A	239.3422122481459	145.14312890527634	A/G	8.905538820794558	103.86578489656537	G/G	20	0.02614643501312865	G/G	87.32232190389297	no	mediterranian	1.1186499170421365	2.8251600174207403	21.420535454494402	263.8343487141463	23.018618732490573	2.943037179155901	G/G	4.8210708124660036	120.71585292074103	adequate	1.7543388041180117	moderate	3.0546547933164274	174.41889433095764	53.889908583075794	10.259821876052195	18.775388431660147
97.93913518142797	T/T	149.95862518852206	145.07702088122943	A/G	6.132719925240849	95.08653786477208	G/G	20	19.91908816989108	G/G	92.43593910044834	no	nordic	0.8971921746385074	3.7830132082307646	20.175295294221883	311.2560611031537	14.638620757792514	2.550765273471875	G/G	2.8737617726327676	136.66330451443457	depleted	1.452443739059404	low	2.6460992798719114	151.1367468197543	51.21947183975205	10.419915721798468	22.442115078823946
101.16433104843566	T/T	281.1132520704307	136.89922540878183	A/G	8.61204775727003	104.9854590107572	A/A	50	0.032457770342267094	G/G	96.48161756881592	yes	nordic	1.3607769001657408	3.601833760651767	22.01609912281259	400	21.343384491554446	1.8929024429742298	G/G	4.392863701585632	162.11274491774455	adequate	1.8671833545795997	moderate	3.8921217151750374	136.55391828504673	68.87703307314484	9.483036287474164	25.024675234765837
97.62938844369918	T/T	274.10504788577464	137.32774377516762	A/G	7.325515935076032	79.39308360557325	G/G	20	0.8042572408907996	G/G	94.61107190336475	yes	nordic	0.3177598239037935	4.948947326422251	21.30884326232312	300.8522037193886	7.022858744331978	2.3473263258681376	G/G	3.5508712006580514	102.41684078262006	borderline	2.1056768064392726	low	2.6592565017903222	189.6334756442719	51.17297699682318	9.645422072910584	33.892633442345584
97.62938844369918	T/T	274.10504788577464	137.32774377516762	A/G	7.325515935076032	79.39308360557325	G/G	20	0.8042572408907996	G/G	94.61107190336475	yes	nordic	0.3177598239037935	4.948947326422251	21.30884326232312	300.8522037193886	7.022858744331978	2.3473263258681376	G/G	3.5508712006580514	102.41684078262006	depleted	2.1056768064392726	low	2.6592565017903222	189.6334756442719	51.17297699682318	9.645422072910584	33.892633442345584
90.17692989189953	A/A	289.94955281608617	133.25479558413943	A/G	7.595535818900485	75.59520046414926	G/G	50	10.678886457792723	G/G	74.75466906086396	yes	nordic	0.8960503543817572	3.8138972703300813	19.147079493611873	309.63729000310144	20.754391799836924	1.8886250478855025	G/G	3.9566839449032107	119.06369192705488	adequate	1.8453170397234753	moderate	4.080809625750104	145.35322583189605	52.17390096624045	11.45984944502742	26.409436782901924
104.86188683662775	T/T	260.55036036188	130.17854766889866	G/G	3.518428075895306	80.4953345368502	G/G	60	3.448773885349467	G/G	85.90745506874478	yes	random	0.9529584926363028	3.596024033242161	27.459208761014875	258.5537607885732	7.4010637066253295	2.7015072049298836	G/A	4.862481545185308	119.43942591815672	adequate	1.7837918666288652	moderate	4.639522064468832	157.4142175744991	48.56201499896752	8.845106002391915	21.88115504458206
99.4113931581428	T/T	230.32130615706245	138.38575483963268	A/G	6.044168270200985	98.87689139818787	A/A	30	1.2621013561874004	G/G	99.8349403369978	no	nordic	1.2137105660321281	3.7625732262476532	23.269265030430113	286.95516686548865	14.775475569365344	3.3602649735197136	G/G	3.665727414409638	141.4818784010263	depleted	2.4816264029602513	low	5.989695839577031	146.66156112844655	48.009639314286595	10.59633826402387	24.663236570723456
80	T/A	243.55049091379558	133.16311048558313	A/G	8.695140760390327	97.93566451126654	G/G	30	0.046261788329134856	G/A	96.38102837258415	no	nordic	1.1011585224097267	3.4104191143235765	17.749146760448298	278.372776638427	11.020261460916004	2.6124912377336993	G/G	3.8222404736628217	145.3832180672452	adequate	1.7076906322886576	moderate	3.8104464867895795	130.82381707369458	33.92526266714939	9.840097813178462	17.745354759481145
86.7812097102811	T/A	205.66015470238443	141.98052397830318	A/G	8.874575784271876	102.228611361736	G/G	0	7.796205081516136	G/G	80.46645502778837	no	nordic	0.9485852859133821	3.080874947373798	16.899859349407215	237.17634231982066	14.684657989600103	2.0681196230734313	G/G	3.7058079871609113	97.06722411333031	depleted	1.8063957308828482	low	3.599620816104388	178.2916671304895	64.688031164862707	9.025253858555054	45.53055787964367
90.82462084441877	A/A	236.9011269178618	142.48243518480948	A/G	7.6502400072463494	104.02892124399312	G/G	10	2.679691356488178	G/G	85.17841077318684	yes	nordic	0.8634203274190353	4.660945954677083	20.491730806052487	253.52601966511781	20.672992829486528	2.1102448146544317	G/G	3.9064361614953924	123.81279082374873	borderline	2.1713096751376844	moderate	4.058403799971472	155.38589250990944	69.92395109992113	10.798631045789413	16.52432923985674
95.44447981177862	A/A	260.71441345677454	140.3324277044613	A/G	6.783935270497681	122.51263746438971	A/A	0	10.004174107680484	G/G	90.28775048258882	yes	nordic	1.1075731452754682	4.491978266361427	18.14315955062323	255.5188307560036	15.988282609120184	2.2454087874967597	G/A	3.1120646150742752	154.41707955236578	borderline	2.136418954424207	low	4.473984211327228	153.04282798854638	57.925389283935644	9.684070073445776	30.823331032228324
95.44447981177862	A/A	260.71441345677454	140.3324277044613	A/G	6.783935270497681	122.51263746438971	A/A	0	10.004174107680484	G/G	90.28775048258882	yes	nordic	1.1075731452754682	4.491978266361427	18.14315955062323	255.5188307560036	15.988282609120184	2.2454087874967597	G/A	3.1120646150742752	154.41707955236578	depleted	2.136418954424207	low	4.473984211327228	153.04282798854638	57.925389283935644	9.684070073445776	30.823331032228324
95.51567094495294	A/A	237.4776671154155	147.17575760351778	A/G	8.709599434902298	121.64778246693221	A/G	60	7.172417228689222	G/G	87.03499856160924	yes	nordic	1.164946886435592	3.8342074427434625	21.0550684972767	320.2908956870807	12.467851198069406	2.854149446221844	G/G	5.98445688854436	104.51552551515283	adequate	1.456983591938441	moderate	3.7259623329359473	164.4867029865772	46.82651067533139	10.99076257806735	25.25604118749316
101.20534253968256	T/A	186.43282432603735	133.31929204156157	A/G	8.887993106410736	128.63976940918153	A/G	60	26.33544559622059	G/G	88.30244529414394	yes	nordic	1.1812310873850258	3.5438168397818717	11.577939937602089	316.26861556282284	15.472812429240093	1.654290888632414	G/G	4.9153233700591565	60.784509353010414	depleted	1.3772872067591515	low	3.8119588925867753	184.10291505451048	59.85051184954929	10.116409364345204	30.158421525510406
91.19283846963243	T/A	232.12835973166256	140.09259010649882	A/G	5.511295807435344	100.45282034435553	G/G	50	0.12816596737990865	G/G	83.70811576075906	yes	nordic	0.7042359362116772	4.803311520031871	19.867347981514833	308.74905466748993	16.413256888420488	4.788932066714822	G/G	5.50807176742777	173.7023592919008	borderline	2.4628762331352934	low	3.8839939143077835	189.09718018183696	54.37098429404336	9.143766860632619	11.08334735131486
91.19283846963243	T/A	232.12835973166256	140.09259010649882	A/G	5.511295807435344	100.45282034435553	G/G	50	0.12816596737990865	G/G	83.70811576075906	yes	nordic	0.7042359362116772	4.803311520031871	19.867347981514833	308.74905466748993	16.413256888420488	4.788932066714822	G/G	5.50807176742777	173.7023592919008	depleted	2.4628762331352934	low	3.8839939143077835	189.09718018183696	54.37098429404336	9.143766860632619	11.08334735131486
101.04322084826107	A/A	213.543358677625	127.20693216251804	A/A	8.16024954661238	84.92069988335763	A/G	0	0.005820593267540671	G/G	81.74161039327232	yes	prescribed	0.643652546222673	3.720518442079946	12.810464095066493	310.8212165397778	18.17436353519311	2.9675529436093377	G/G	4.369892165424415	78.97036156078995	adequate	1.7538376349340028	moderate	3.091393735971088	135.73626961167813	46.003204921498146	9.470046297259449	25.380044774298057
104.77489256127667	T/A	199.62711185551007	143.50470875520355	G/G	12.994892698104985	114.12588606070756	A/A	40	8.719425018005425e-4	G/G	87.21193829132518	no	prescribed	0.5476390922754826	3.1569319399653595	18.61976929682062	342.860000297884	16.630874325611128	2.472205360401217	G/A	4.3779361517834054	85.59916885297488	depleted	2.173302575596481	low	3.718749660467479	160.80507625165123	73.06519504330441	8.79017138435102	15.760478340752188
89.44058389010483	T/A	266.5132305167319	130.93816014874756	G/G	9.341662399173995	94.42475207966294	A/G	10	0.0019524541966867675	G/G	87.97849353108238	yes	random	1.1692002665009407	3.483182288535809	20.361469181416155	312.54468481339075	18.417858616254833	2.2703422168581984	G/G	4.463781006800405	124.04479704586414	adequate	1.7355457210499308	moderate	5.092193292401884	204.94021883597625	49.002072706301874	9.918112032244474	40.70003130586319
90.76607381526522	T/T	192.3868335629295	137.70768635314113	A/G	6.719555563214579	113.00344135351122	G/G	0	24.604976991803674	G/G	94.79678097331566	yes	nordic	1.137082434679872	3.2779083440761805	8.765406666521637	241.52513948659922	16.970083073561447	2.906087143566743	G/G	4.146550127715534	125.496087959036	depleted	1.7090005623974136	low	4.0721697718008345	175.46342646997144	51.90017677284263	10.363555063860646	40.09948226837787
93.49530017902103	T/T	271.8850281428293	139.2459278065142	G/G	9.980991435700068	85.17643544965398	G/G	20	15.838040194175184	G/G	85.19773298108588	no	nordic	1.1193670827550664	3.171273226696028	18.934355567062706	319.01791550129576	14.699071978721985	2.7473180546089857	G/G	3.271506535245678	95.06233178140089	depleted	2.2912006413928507	low	4.727400746370258	170.82099093043166	51.67685712989119	10.277102449461614	22.00412448167322
85.90502666274405	T/A	237.94746829814898	126.04689391138035	A/A	8.383328382197403	111.62266076064193	A/A	80	0.3615865253401233	G/G	95.98432790343931	no	nordic	1.0852949349529957	4.9230827525033956	27.51521555792804	263.11238728339777	18.4693009943098	2.9276793690428926	G/G	4.400223311972172	122.02968369009724	borderline	2.4035361941508437	moderate	4.034297530932431	248.03457740816756	47.347521630033626	10.46805181927527	23.665605210494505
86.21192175225455	T/T	243.16719151088853	138.89990552829013	G/G	6.87267284558286	91.59607094749225	A/G	10	0.7574113346232878	G/G	82.58641126478695	no	nordic	0.7139289912024233	4.797562607830296	18.743916842983506	300.0471942776823	13.999203353111724	4.480187179062878	G/G	4.304298659181219	105.021337207872	borderline	2.6699275384852172	low	3.7656523679988725	171.32568838611166	53.69120352887161	9.665279267773577	27.076800125782558
86.21192175225455	T/T	243.16719151088853	138.89990552829013	G/G	6.87267284558286	91.59607094749225	A/G	10	0.7574113346232878	G/G	82.58641126478695	no	nordic	0.7139289912024233	4.797562607830296	18.743916842983506	300.0471942776823	13.999203353111724	4.480187179062878	G/G	4.304298659181219	105.021337207872	depleted	2.6699275384852172	low	3.7656523679988725	171.32568838611166	53.69120352887161	9.665279267773577	27.076800125782558
82.50081391404476	T/A	290.40226617512195	139.0407671460734	A/G	10.002957986255327	103.7538167108984	A/G	10	65.58725880226766	G/G	91.89493215862873	yes	nordic	0.8871173321260541	3.8239315885140908	21.35475786194492	307.631688542407	19.465146607115962	3.5312489409574335	G/G	2.749208354765442	144.57775795208852	adequate	1.536585224930429	moderate	4.837890113595037	153.683147901307	52.74140376476852	9.192588156136406	22.972712374114252
86.27610839228952	T/A	273.35470660628425	120	A/G	6.976409563420495	93.39425302244928	G/G	40	0.18882072386559626	G/G	104.51125442236639	no	prescribed	1.0213205305454018	3.834499314906182	19.92327332653804	300.1769293135654	17.886907738585563	3.020610886557663	G/G	5.189820246530051	39.71899532911737	adequate	1.6968464738242672	moderate	4.062641352313033	153.98905253178498	65.5504564767603	11.308789270312793	28.14847467506219
108.00941068189324	T/T	276.05348101442377	135.72375549859365	A/G	8.039635533417918	80.08106430119796	A/G	100	0.004589733365166316	G/G	84.02254469651318	yes	mediterranian	0.7668499725079407	3.1804109581771027	20.173393202412747	362.24541313125644	21.143018121151954	3.3655188334988546	G/G	4.215931581822849	149.51020907519165	adequate	1.8373521862709004	moderate	5.528999418831903	206.50574159460163	61.21374534966516	10.367916567030164	26.236113315379857
103.33825088432448	T/T	300	130.2657109960271	A/G	11.357668517292351	99.9823851923401	A/G	100	0.0284212604285299	G/G	93.4597581714848	yes	random	1.2638583568795942	3.640331075567316	18.954037868437553	226.87857300565858	22.44031761143121	3.1127106793130825	G/G	3.9798026908353936	165.03680295949692	adequate	1.216589990459009	moderate	4.432785782024015	116.74986983721148	58.976507990088024	9.29967414295482	48.787075489809915
101.72181697879284	T/A	237.741796020957	128.78225480227024	G/G	5.614885227382734	126.42967788993855	A/G	20	15.424921285791607	G/G	91.04218557856503	yes	prescribed	0.9405112207253729	3.35205685879521	21.48116879023004	248.7354153391695	9.830039492988362	2.27824364086434	G/G	3.511712408517435	101.01269869381765	adequate	1.6392091688374844	moderate	5.613738430041755	176.04456909795442	80	8.821803663532657	20.057714560862802
101.06489889775983	A/A	165.19061415783563	143.8295830967364	G/G	7.636775437023149	90.62205395001527	A/G	0	1.947124430639205	G/G	84.72257512302835	yes	prescribed	0.7020260657236456	3.7749062831539204	21.265480362448578	245.37710060287552	22.408402107537924	1.962187888581664	G/G	5.769027754851773	114.00332667385348	depleted	1.8810377275610544	low	4.320533911613312	167.0479721549033	49.866575270263574	11.190392495949252	23.78094178269528
106.1453941716124	T/T	198.1997459972788	152.26155359056906	G/G	9.295570651554144	94.09949524159046	A/G	10	54.23317300661229	G/G	72.05638533379616	yes	nordic	0.9567657569636092	3.335086445749953	14.947369199052156	334.733202251382	13.8675009055675	1.4717741636203765	G/G	4.57614977030187	151.91803126233432	depleted	1.7880892261615908	low	3.000490133725296	125.83197085301492	30.91066161594686	9.025782622725156	9.748037269121998
84.42644679143828	T/A	256.7888355168131	149.34056413020852	A/G	10.98700645463224	114.87555466010318	A/G	10	0.697106435371893	G/G	70	no	random	0.9527517747628009	3.453414572674523	20.723158307959878	302.89352851731843	12.574527283520224	3.284586190055887	G/G	3.6504893329251833	116.25724845387968	adequate	1.7936300001112964	moderate	3.9841077686289426	139.14352115184295	44.80666108361834	8.792547301351027	33.89817322550295
95.91572356109806	T/A	259.72542052651863	138.63179946089406	A/G	7.694476208868743	91.69773912666278	A/G	20	0.016078155920307858	G/G	90.71368902346552	yes	random	0.8751136445095767	3.75731906350678	22.56204310692617	287.74110919537804	20.046728832659966	2.7523327874834207	G/G	4.9561916522257246	125.66535881682204	adequate	1.8452657047980447	moderate	4.56675789311167	180.9657908481148	67.58179959936754	10.65510603041546	36.15256251283383
96.24254310356704	T/T	224.44272263816777	136.85226400944003	G/G	10.218136149898308	87.13989424357112	G/G	40	0.0031924796401923247	G/G	91.30291048098925	no	prescribed	0.474310140458281	3.8321102539104936	12.915895570025302	321.03339912504566	9.157171615779921	3.399164723836278	G/G	3.555718881898915	58.00491204708169	adequate	1.317832279837772	moderate	5.330543900438881	197.43220353047022	53.05885766578099	10.254074163441501	46.34484066219212
82.70594306929654	A/A	271.36570008154195	138.85560641800723	G/G	7.746973771300848	115.38247631567438	A/G	100	17.299398438705456	G/G	84.33809843411404	no	mediterranian	0.9117865894194385	3.3917011338364245	20.49801687382599	330.88968569000576	15.675711156843416	3.8627783250110466	G/G	3.7579867632339212	129.36355033183497	adequate	1.8730861369608487	moderate	3.0605253226747973	176.82892868972385	50.112092493901166	9.312393965863842	18.72386677690937
87.51520277064895	T/A	232.61175218107186	132.87628453047986	A/A	5.749493114525514	85.84385337666791	G/G	60	33.95556298434885	G/G	88.16670734884582	yes	nordic	1.1160675381719642	4.3610629969406105	18.548844622948852	329.3722922326008	24.09521188716267	3.4458625553615	G/G	3.7777836286418296	165.82262537014572	borderline	2.163789225222234	moderate	4.1095920608072	172.8300664279342	47.418800969757385	8.124218413191285	33.681614750425084
99.16364176598155	T/T	189.47900085112093	151.2591272702777	A/G	6.449958124831657	105.41725458832113	A/G	20	0.011302554155016572	G/G	93.78608687137888	no	prescribed	1.098579695387332	3.594502422703762	11.772847866457138	269.37654069907745	15.516062575441486	3.6702924513294435	G/G	5.47516616689837	148.5143733580073	adequate	1.6510202152790858	moderate	4.761703783068945	170.56022331649268	67.5386663997184	9.313236934897317	32.53302296165339
112.734530348722	T/A	254.0631141479914	144.2849882634223	G/G	15	113.59535355001123	A/G	20	0.27866430458428576	G/G	87.51022456017175	no	random	1.1699840055955157	3.4061789314141544	21.13947670660148	273.0111623234044	12.16714015955097	1.7969172676509126	G/G	3.236077233246945	125.10141850672348	adequate	1.8590694885661265	moderate	3.89935545020358	161.02338859009402	42.32530115410775	9.468549323871521	35.4160449137112
89.7048529362522	T/T	278.79587901826153	144.6889794238487	G/G	6.725399401219217	106.67424095273167	A/G	10	0.045098029257161255	G/G	96.99784258717764	no	mediterranian	0.7079479728480926	3.6664398760383694	29.958743081466565	286.996761846051	16.580925706521406	2.5339142066442966	G/A	4.110577044086867	86.002446023749	adequate	1.6791354084817554	moderate	3.059298589564456	172.58791897311676	52.64141268039195	9.84680901111016	9.172680829221363
98.68115192534601	T/A	255.04287093029947	133.73230230265457	G/G	7.6813536425629385	92.9353910441391	A/G	30	0.23677095187488542	G/G	89.35203300714556	no	prescribed	0.8957240700200408	3.572287586060575	24.54056155826313	316.4767276631301	17.888106926802298	2.4400879377873377	G/G	4.160410929228977	145.52821191777588	adequate	1.2356230111256292	moderate	3.191583031992858	98.17613385726011	72.10109362622089	7.317447308857444	36.38103105309314
103.01335246110268	A/A	227.80113518822554	139.1378026086243	A/G	9.346392949890449	105.08511233046822	G/G	20	0.012475533522473443	G/G	89.14436593350095	yes	nordic	0.9971438138017392	2.993570155233968	21.31775617214883	289.63198640139063	13.955203406820917	1.7531342596804105	G/G	4.986607317398979	155.92766317846198	adequate	1.4007875102421792	moderate	3.581376755050262	201.96867717742276	49.705990165365	10.359482915505737	31.425205604122475
97.37912035854299	T/A	245.70586155275817	146.52394199411282	G/G	7.548685462345609	87.12671479476987	A/A	0	8.59211294216977	G/G	90.7112376838318	no	mediterranian	1.0577215699536782	3.522367369423113	20.630119355858927	292.69617691553316	18.190561211856355	2.7925931189674325	G/G	4.315070811362346	126.79129681418951	adequate	1.7414130933463305	moderate	3.734310053405747	108.7375810960391	51.141417637521414	9.24411079074125	32.98819771445458
95.29311355761422	T/A	264.68141416841434	149.43278558373854	A/G	10.764758679458026	81.18157924551404	A/G	70	3.9082830744353476	G/G	87.15784701916994	no	nordic	1.4420150880295628	4.524196274234807	19.99055149579323	316.3749877832388	16.249881433078876	1.9933630805741882	G/G	5.59679866023132	133.71889389276012	borderline	2.1842321546494095	moderate	3.6983816133639404	166.10527905645856	64.49449483405195	8.69406879072373	31.082311199328768
103.13842462246342	T/T	225.57117581847592	140.17502266454477	A/G	9.897702265849604	120.3629677769787	A/G	0	16.016295076749703	G/G	94.90478911310247	yes	nordic	0.9540210824552248	4.3729136057713935	21.89783318229899	279.6503946213329	16.149710360928673	2.5855381500876877	G/A	3.0540880060234166	97.82104237175825	adequate	2.5486408617711156	high	4.11698436106719	194.39207660222556	44.13436322923292	9.691116492270808	27.439910844281396
82.46913248638546	T/A	266.31678061276807	130.83751189124504	G/G	8.44486773116792	120.78708425652123	A/A	10	30.161992624024673	G/G	101.16621881119164	no	nordic	1.1921784856499487	4.7494324360136435	23.386956058324284	309.85951883918176	17.829162300891035	2.844392591505604	G/A	3.9536654923300127	90.77023060114988	borderline	2.3044153442787843	low	4.191182197378819	204.267029547777	49.591459230962904	9.922504109472893	24.3740840636813
82.46913248638546	T/A	266.31678061276807	130.83751189124504	G/G	8.44486773116792	120.78708425652123	A/A	10	30.161992624024673	G/G	101.16621881119164	no	nordic	1.1921784856499487	4.7494324360136435	23.386956058324284	309.85951883918176	17.829162300891035	2.844392591505604	G/A	3.9536654923300127	90.77023060114988	depleted	2.3044153442787843	low	4.191182197378819	204.267029547777	49.591459230962904	9.922504109472893	24.3740840636813
98.17960753902373	T/T	232.9651917291897	142.27727710361432	G/G	6.12852342154846	78.17586626525178	A/A	0	17.982434935487166	G/G	83.7690074380842	no	mediterranian	0.9390615411488095	3.78868740814278	21.598035841718676	330.83169061294427	13.1933472808159	2.3673870992954695	G/G	4.648706076800691	92.51400208566744	adequate	1.5907897055144604	moderate	4.234535196871518	152.5574842766923	43.18764769695527	8.997158393850388	17.89232036015326
82.32172476516861	T/T	263.4619860205638	125.74190520851728	A/G	7.5337625134713155	96.81130870039529	A/G	30	0.8612600321894552	G/G	110	no	nordic	0.6034508217701972	3.8933308744987465	21.98494008454385	273.0431538472515	17.2987449227847	2.516990993997994	G/G	3.312668003803632	105.1021735234036	depleted	2.2247967258280004	low	3.8761917809765123	151.81119516296772	47.98320974580294	9.16112037036053	26.453175307856696
105.58492595059948	T/T	239.82609923473228	139.73653348205724	A/G	9.944608513441867	77.23933717409032	A/A	20	55.65898327523625	G/G	98.97027674331409	yes	mediterranian	0.5093801615992904	3.6483287754477933	23.973628808087074	264.001491263801	20.89088569818236	2.769661815279552	G/G	4.160386088812636	154.13446673030222	adequate	1.6820077917424545	moderate	4.082226812074795	145.10405044015585	63.69237856595818	9.343876985697445	47.486657565737254
84.03041349870297	A/A	181.9995156048089	130.23923040691145	A/G	3.8058727704872495	98.81199495308158	G/G	10	0.03433390829803695	G/G	89.94574221882566	yes	prescribed	1.242459860387183	3.6210450780699093	23.209755537218278	267.4964815106142	17.51554899605624	2.2892232101737884	G/G	3.0505772937877147	76.01412871346918	depleted	2.3671673871680436	low	5.5586163260558905	194.3228276895228	60.13702232013793	10.186002904065584	13.63114134839464
92.19542006786745	A/A	197.87069344409034	135.98375189398814	A/A	4.498359734569518	76.29656229805012	G/G	20	5.045754379142691	G/G	89.42789178900185	yes	nordic	1.0816549210324324	3.395902539710164	19.167517036194994	320.4522144189889	9.027910318157767	1.7416981242886729	G/G	4.217913949482774	123.30827969372149	depleted	1.7893101924530816	low	6	145.12114180413994	44.38081711627797	9.030857164683649	17.07959591123929
90.75048486161796	A/A	240.72804693951022	138.7515324676275	G/G	5.81697843894217	118.8521821002073	G/G	0	4.294452185701547	G/G	85.60679746658998	no	random	0.5723684110125449	3.68091607935653	23.32310469979722	258.9921879711478	12.238282469078566	2.376956776215669	G/G	3.3121822480618652	163.34911308293863	adequate	1.4924139965782794	moderate	4.901472410247002	175.71368295886634	52.302523134747574	10.546577549505422	33.450124556170316
85.4786384614161	A/A	197.52982015867684	133.45776475998812	A/A	8.376752326911976	97.25190187452937	G/G	20	2.166220320486954	G/G	96.45998229043943	yes	prescribed	0.8177851556301482	3.4433733075238897	20.133338852350352	275.8718344144497	18.7582243626151	1.5833988786786777	G/A	5.157267677264416	143.62950791642052	depleted	1.791182709759608	low	3.7386791412310356	119.32537939017955	55.42724128901211	9.931077383967377	21.453809710919558
82.46586436134318	T/A	231.71739613200572	140.4810287427071	G/G	5.662011542946228	91.72226884837082	A/G	30	1.0585796774444147	G/G	105.22633016420797	no	random	0.8995091040461868	3.415130603097643	18.75486282632628	290.5785138907899	19.963210196429024	2.408807560613945	G/G	4.352779680592846	148.67103216422433	adequate	1.4946523335837987	moderate	5.5320757835874925	207.31647901009163	63.61624726724061	8.737039021302081	6.784001790847589
88.08443406825971	T/T	179.12707686141547	146.50201887322044	A/G	6.337756551275191	97.03243657490356	A/G	30	35.20136689711912	G/G	85.02402906865399	no	nordic	1.0463425994120956	3.7152853281875178	22.512756323119397	236.66384098338057	14.237422620918554	4.118441561332681	G/G	3.8749218546964435	91.29120464531032	depleted	1.3538447453585798	low	4.51972893739938	194.10825715039496	60.43856833937299	11.521761984748629	25.389724424449454
89.88869874391706	T/T	183.35451284549282	138.2448501381322	A/G	10.694444676883155	83.89433361028075	A/G	60	0.004608378320149105	G/G	82.68221797774801	yes	nordic	0.6240242007521803	3.5804797108332513	11.102697180896726	332.06093572048985	20.947234820256718	2.6352601224220646	G/A	4.636599822157383	85.79173064475339	depleted	1.4273981593482346	low	3.8775342288097194	210.20776376450019	61.115252217577044	10.410684412257634	39.7320426006612
104.80919266394257	T/T	167.88614802162812	131.61336355281566	A/G	6.7976533110153845	91.8737634676987	A/G	0	43.75635170250155	G/G	84.2968641075629	no	nordic	0.6011879887187446	3.2305812529584186	20.876245403620224	255.7005416809417	17.9573680137336	2.197675789889214	G/G	4.87273198403271	184.24183365104753	depleted	1.754778552240314	low	4.540190024543591	157.31630868368637	47.71790980797539	9.367542015684919	27.511314346140804
103.57406321736272	T/A	227.63348313016155	137.57000604021403	A/G	10.871068684188742	100.25920513537744	G/G	60	0.029879631120395177	G/G	87.14892726897287	yes	prescribed	1.242207972371974	3.342603783644298	19.18603794667198	234.84294125041365	15.695796520765942	2.4028958382712857	G/A	3.4826979947475056	134.63180707534408	adequate	1.7940815534791514	moderate	4.169245908394122	218.04636570785527	53.35175825331273	9.256991462924098	40.83561001575081
101.02704380206072	A/A	254.59171731235767	136.6262277874855	A/G	8.899153403646535	103.05586316270022	A/A	20	8.278770090231358	G/G	87.18488948284744	yes	nordic	0.7365555955989442	4.09528547681218	21.483426626669885	262.6828960324379	13.48517507421531	3.2957947988260154	G/G	4.53055174972536	77.22640541120381	borderline	2.125353755480835	low	2.673816981119283	139.88231309199605	45.343345125325776	11.596210243638199	26.276077788323676
101.02704380206072	A/A	254.59171731235767	136.6262277874855	A/G	8.899153403646535	103.05586316270022	A/A	20	8.278770090231358	G/G	87.18488948284744	yes	nordic	0.7365555955989442	4.09528547681218	21.483426626669885	262.6828960324379	13.48517507421531	3.2957947988260154	G/G	4.53055174972536	77.22640541120381	borderline	2.125353755480835	low	2.673816981119283	139.88231309199605	45.343345125325776	11.596210243638199	26.276077788323676
101.89321363333397	A/A	201.01242923944255	148.5707564336172	A/G	8.37934501537397	108.51362515403713	A/G	20	0.6341613692126866	G/G	84.37528766428849	no	nordic	0.7074005421146836	3.5603139478861454	25.60670770190729	301.52181843138044	11.210019010844299	2.8757040891103722	G/G	4.514238441562609	150.11850557440494	depleted	1.869068065385447	low	3.9058732367379614	173.21659222139408	48.260320150518126	10.379385129069917	30.26593316197048
94.87208908436295	T/T	267.4826765097117	145.03206971253155	A/A	7.489660648570622	123.51798295066877	A/G	20	0.44851240063558706	G/G	79.82094496375689	no	mediterranian	0.9064547198390916	3.1326075171613104	17.81571527389518	353.0291081390011	15.067473120156302	2.343319146221913	G/G	3.4787587843114562	98.53454525559509	adequate	1.62962924373817	moderate	4.392711245162407	174.66123059355868	76.45910418368197	8.853508282073017	22.1415878135106
97.87072197999171	T/T	180.66385198750254	140.96846574907858	G/G	10.660644766098024	90.55361056666702	A/G	10	3.3301805471782107	G/G	99.83584610258285	no	prescribed	0.9835888474149506	3.7534096017594605	19.071033464246824	283.1697126653521	9.753257993808537	3.107852537841091	G/A	2.1562111873527923	162.06645612046742	depleted	2.557767811354716	low	3.096629546142586	114.87702765232292	45.02972095539987	9.096572543039787	23.625612185789244
100.88604414231395	T/A	237.90769865982165	145.47034074868526	A/G	5.448533831430243	116.56171020690499	G/G	10	0.07883001986866772	G/G	89.40718196244364	yes	nordic	0.73208011489162494	3.281272506339418	20.191211737928228	309.0292191022257	17.780599550221417	3.0172636920898137	G/G	4.212680199655571	92.51943266865968	adequate	1.6087497161222324	moderate	4.542181942156775	159.90576459669415	55.12452298468486	9.820514287725642	13.188209358035206
94.96985533044767	T/A	226.66177688106814	131.672767081802	A/G	5.145745742536919	122.18512463541701	A/A	60	0.0017819134099407268	G/G	90.73246482764631	yes	nordic	0.5704583133076075	4.1576575762802745	26.77056316138167	351.788939414298	20.281243788807956	3.624490570029984	G/A	4.982067341110411	167.21761920280875	borderline	2.2495303334322765	moderate	3.4725699595625494	148.3452996615156	56.950187360566964	9.072666748632756	17.130119189123736
99.50262144384524	T/T	226.11293983725471	151.91474175634158	G/G	9.035937817456164	74.01310962709965	G/G	10	0.003690850843865664	G/G	84.56361424234898	no	mediterranian	0.7838788393678728	3.830862641142998	18.19502081675298	264.98885766160373	15.916149967109714	3.3472035187137554	G/G	4.0249745422252206	94.65637602395175	adequate	1.381119209703813	moderate	4.310147751189619	183.22264362063646	67.3002448845738	8.459665736284819	35.085038370973614
105.14197772488195	A/A	246.6003021197919	150.60787382052365	G/G	7.5427005540278715	97.25477320376721	A/G	10	0	G/G	88.2363039632571	yes	nordic	0.7897576944903175	3.606895191524848	22.7135566606456	312.0261028164167	13.549101014214493	2.584726802075986	G/G	5.2408769276877285	168.91606876018463	depleted	2.2049721877991493	low	3.292622884159046	137.47392390392673	46.10072596917035	10.326693197042978	3.9374168900559425
98.65702583885512	T/A	233.61242205804837	138.5910737647628	A/G	8.073091617713114	99.32289671522832	A/G	0	0.03283211988323809	G/G	78.30652484902863	yes	random	0.6762354969054805	3.5785355521606297	22.336128023686847	205.21117277710138	22.01883234706645	2.4686618518505297	G/A	4.852949526773888	125.74613641185402	adequate	1.6818153389809922	moderate	4.5225732196100425	156.02982444812017	47.59771900057454	9.839457319541982	18.642142059973978
92.65367925093908	T/T	253.04754243109585	146.2627429498572	A/G	8.980321824275318	101.023915319597	A/G	10	0.06660126928362378	G/G	97.74198556696152	no	random	0.6392756451455931	3.8223720592913843	20.693064483485685	251.66524776213652	13.710486223179991	2.2980725374413136	G/G	4.05028310455842	137.44445771363456	adequate	1.5940300088131885	moderate	4.359821571216411	137.0697247095157	48.868773702084795	9.389597271420424	38.17823113059174
95.51839382552303	A/A	199.90162399081328	128.0204109404907	G/G	9.07001365552986	104.88471036844302	G/G	0	3.4879131697917125	G/G	87.41737874765755	no	prescribed	0.5318034518838181	3.5765325810009108	20.81326766705285	294.30432930083447	14.592325773335087	3.0595476909428907	G/G	4.013149804548078	81.96261632742025	borderline	1.7523459645959545	low	4.714574232062679	160.9104645277368	49.86655710937285	10.84690998405906	7.389696256611088
90.27205340384177	A/A	185.8084942639628	133.34578797139807	A/G	8.250358219846568	107.97786733363452	A/A	60	9.704098761512283	G/G	78.03542463680346	yes	prescribed	0.4944550839485641	3.662501660168365	9.798382976542968	292.5758087611224	18.86715782474865	1.6848538931124182	G/A	4.6916663951299205	149.6731383275208	adequate	1.6945166543230115	moderate	3.8454038662040038	131.98491847155373	56.72458164389735	9.181585718246774	27.19904693235811
98.94261590547205	T/T	207.42600921935588	140.51963518886365	G/G	9.502348205212403	98.66204237197053	A/G	10	8.023695727568806e-5	G/G	86.4451996197478	no	nordic	1.3204879636928257	3.313409891661716	23.796625402717424	296.9494508367061	13.459915012718302	1	G/G	2.4591517702961356	165.9183057626039	depleted	1.7122447036318533	low	3.8535857157579407	165.69150983594565	68.34023104679513	8.46679168376131	17.668896600623732
101.12373541542371	T/A	225.38304346688972	134.03672241002644	G/G	8.680231862805481	96.10789797617295	A/A	50	30.273405964122716	G/G	99.51178051337897	no	nordic	0.9281869851147189	2.5	18.96515082666054	363.138991529545	18.17639566844134	3.737248487961846	G/G	4.289492256778582	147.0576869567444	adequate	1.6486811357154212	moderate	3.944973428309056	153.31631867728345	58.74829703478152	8.775678154956076	32.414552224266366
99.48148309815122	T/A	240.50658746915968	135.7835568400337	A/G	9.0255094746672615	100.8451645011423	G/G	20	52.57922289821347	G/G	95.0413941259761	yes	nordic	0.6932877812154675	3.8040186827308897	21.753639647471218	289.4166182918596	16.94265830558959	3.117297249099498	G/A	4.548633054284187	122.41066078666707	adequate	1.7027262322213808	moderate	3.6061795639971406	170.60559373515605	56.79076322322191	10.45472880287888	39.155499786527656
103.54419691331208	A/A	259.12690715528936	140.4380618716359	A/G	6.8487986284131654	87.9218013123875	A/G	20	26.75130218199026	G/G	99.27375205079397	yes	mediterranian	1.0023708708890264	3.275724041565088	17.780104656029984	235.9927099314034	11.006737397385518	2.64389509243614	G/A	4.319204932014208	99.62645116378056	adequate	1.7066551041297726	moderate	4.2182559086490325	185.8173808650769	63.52315209234702	7.309574761705543	11.096394587124259
102.26059171787944	T/T	252.36081561444735	138.00032331867345	A/G	8.38843747193592	67.64094659554337	A/G	0	1.0437558365257857	G/G	89.10396462536988	no	nordic	1.137251867401032	4.2063980011897835	17.908635114220573	261.25657546039054	18.059983997356436	2.060464446799883	A/A	3.5088281438453595	108.8288382490744	borderline	2.549459148209192	moderate	3.864318839133117	174.70965143694866	54.00189633641011	10.088629582622426	15.43080770699181
97.26981678754977	T/A	235.04268150407518	142.2784967439244	A/A	7.5300940342051765	103.49385785518983	A/A	10	0.18624395543808783	G/G	77.83439826689347	no	random	0.9706305355889495	3.521645926445978	29.28911760071924	292.97274974392303	11.845443942312457	2.2346689231639667	G/G	4.779888288921946	47.40645971720838	adequate	1.5603567838683	moderate	3.898976252711717	133.03424578104205	61.78249519770452	9.729466048083204	35.21090475891046
86.42032968987279	T/T	230.77287369368278	142.67508522363235	G/G	9.843159054463648	104.95522128285386	A/G	0	2.492253173559843	G/G	98.35661767174804	no	prescribed	0.6963523836617928	3.808096766466779	22.162843822058484	362.40640599188026	15.622007533326816	3.6332970107061198	G/G	4.909381358772349	146.9681486952544	adequate	1.495384411543935	moderate	3.943191692325265	183.76119768525058	53.09715423431095	9.565805672384077	29.911522379194277
95.25230255955789	T/T	235.4644909003481	129.664120263755	G/G	6.8952682346281815	115.23430526303106	A/A	40	28.777078420361534	G/G	87.75952297895647	no	prescribed	0.791020261039406	3.213762441920349	12.765058368660156	283.13077317235803	12.147666722030966	2.98580463767457	G/G	2.8790301271371677	139.0138760004919	adequate	1.7366458994061285	moderate	3.7640389621059853	165.56744818514585	53.114940346762715	10.460702520401231	39.88157517242319
92.00847414984591	T/T	185.58325086062956	127.59447164533702	A/G	6.936101105234344	93.36029121788553	A/G	0	14.971435832045755	G/G	75.69956421936445	no	nordic	1.4651259105764909	3.3768598333955073	14.457272319489427	294.33447085373274	20.18113453786727	3.1611068802987226	G/G	3.1945761100756287	119.79729438023669	depleted	1.6858804208739515	low	5.163211030914333	50	49.584520032505175	9.069950594469596	33.74663258656868
96.60126470341197	A/A	125.54052562191697	139.11393439553274	A/G	8.444456025764476	76.49467720881415	A/G	20	0.0012783337748207846	G/G	82.94650328483267	yes	nordic	1.3193307632647602	3.4565343569538056	21.87293516403148	320.68517892195734	12.182442462294686	1.9848292474036948	G/G	3.9870697355981966	149.1205909027389	depleted	1.0500851105322915	low	4.189887374970665	187.02214734088227	56.68325011290301	9.489260052184603	22.994059447299446
93.74365790548713	T/T	257.22631802532464	133.6943184184011	A/A	4.266701116965863	106.9703332610924	A/A	30	0.0015835330819658237	G/G	79.58492828988723	yes	mediterranian	1.472190045645344	3.036773746150868	20.205981355976526	286.6530691016396	7	2.704988324218138	G/A	2.6935012156373883	106.55399609529432	adequate	1.5802805250817251	moderate	4.030087385364034	194.26419046568887	53.79341307295945	8.545380640217623	25.40458166167539
95.6584023240155	T/A	273.0535967609844	139.95641219712488	A/A	6.823025934655349	106.21834883588343	A/G	30	0.07341905010468339	G/G	89.27612474276668	no	mediterranian	1.2257388287303759	2.5747093035353035	19.78914418668814	376.6213394667832	25.555501356554974	2.843487689902241	G/A	3.8150461376289577	112.95924562982131	adequate	1.8757268921922758	moderate	5.065803897910806	195.57997450451538	71.70048187294202	8.74882160005021	26.015717591590633
88.78562419555332	T/T	176.40945077131357	131.78022614267766	A/A	10.444287370315978	104.4657645333136	A/A	0	10.583151782527581	G/G	98.34203576644987	yes	prescribed	0.6966900001287446	3.6482164490577986	18.853700867417622	277.4237604250407	22.341935062783783	2.837462331074224	G/G	4.005984427124706	88.47791615167885	depleted	1.6352296787764262	low	3.9481466384821813	196.2815195997797	64.85709060562782	7.890059443977739	27.14693144724352
105.86986802945017	T/T	205.08844912026507	127.45066045394009	A/G	7.953825724713775	76.1134599621089	A/A	20	6.92477515290132	G/G	81.3500123101215	no	nordic	0.7012867042255548	3.7381071093232787	13.815059239763443	255.16116947350073	7.493864310597713	2.944184046882678	G/A	5.296321001445325	100.0164840427219	depleted	1.5662495689569567	low	4.0893394564701975	130.97796986667367	55.45500204419326	9.80494174038311	34.89137761546603
100.35495990607417	T/A	256.5593291623783	147.0297540439835	G/G	8.700552022391907	109.92150631891538	G/G	0	9.804374975350294	G/G	90.59296407672784	no	random	0.7681773267921251	3.473200370009761	21.559214052041437	295.1251585829076	18.920076839658364	3.2433631562816037	G/G	3.951225660635574	83.52035999956357	borderline	1.4612805033203005	moderate	5.4974825383440145	163.26562497302962	59.14040826849951	8.746128614843768	16.13351120552271
87.8486135080053	T/T	192.693192643658	146.6701266036272	A/G	10.564404839010805	82.8336086001955	G/G	10	0.005977879414178582	G/G	74.19599292791887	no	prescribed	0.9339968269137318	3.4724273436432975	23.166234480803773	311.81906281025334	13.778045540714777	1.8971560016964935	G/G	3.779341350329938	132.3555953310123	depleted	2.036402089539539	low	4.641065454784419	138.82136958325793	44.4117023646497	12	20.032141286328187
92.19965358071886	T/T	206.35291962102173	150.49711674486713	G/G	9.775235114939356	103.11828247959369	A/A	0	7.095892626713414	G/G	76.05710641741099	yes	prescribed	0.8963516385342849	3.309846171898214	20.171705384370476	286.3700959298096	14.531896316467023	2.154279421772157	G/A	5.015315815429509	100.00169537658729	depleted	1.92729337688704	low	4.163211829174291	144.153334531224	42.60509779248059	9.050217694660876	22.872256692561177
99.89798695581811	A/A	239.15857284563955	138.59298094565483	A/G	6.285617724847632	102.93010060097292	G/G	0	2.611241767426334	G/G	95.21156330987503	yes	mediterranian	1.227115257790507	3.7925415732233914	17.727637021666098	294.7971024925702	18.627487963561254	2.6443413220430605	G/G	3.818532532457395	139.46153760493377	adequate	1.8580054068285794	moderate	2.5	183.96400489678382	51.22615592215965	8.10740093737446	9.419983730385574
101.7555649835841	T/A	261.22717898090053	137.64177648717072	A/A	6.699862106621037	93.62623106406343	A/A	10	1.2255465561897052	G/G	92.3771784290656	no	nordic	0.9437865453134988	4.101044184080125	24.705320896631243	285.0153587568564	10.09043286051062	2.1260606605110177	G/A	3.900992718400646	135.99922726673896	borderline	2.161514158701516	low	3.0773737137047696	179.7733757596012	40.8880354298277	8.608208069320103	27.472759751284432
101.7555649835841	T/A	261.22717898090053	137.64177648717072	A/A	6.699862106621037	93.62623106406343	A/A	10	1.2255465561897052	G/G	92.3771784290656	no	nordic	0.9437865453134988	4.101044184080125	24.705320896631243	285.0153587568564	10.09043286051062	2.1260606605110177	G/A	3.900992718400646	135.99922726673896	depleted	2.161514158701516	low	3.0773737137047696	179.7733757596012	40.8880354298277	8.608208069320103	27.472759751284432
95.18496594861426	T/A	179.4953960834191	144.93299992104227	G/G	8.233705212650548	97.76305266845688	G/G	40	5.13622247210811	G/G	80.18814476658034	yes	nordic	0.5405685306982796	3.6908375951531758	20.393816683089284	287.3004511659998	16.705579732395	3.331089979281517	G/G	3.4744538192140952	82.0177406095472	depleted	1.4636521544313517	low	3.9982937964820877	205.42629799767522	55.3952255267887	10.867239453131997	22.321083540649422
107.89962713901944	A/A	240.48387788833276	136.73991480692038	A/G	8.563481411169231	106.3985957115276	A/G	0	2.5524523136308614	G/G	89.25680794897843	no	mediterranian	0.5446483098652115	3.4405899537797175	18.007418417357158	274.62712862940566	18.566086469952158	1.0508000932032329	G/G	4.180995674223234	137.14058766638067	adequate	1.6043509086258063	moderate	3.650160419373373	142.25455035683183	45.29674792259647	9.828517677166523	29.426812597846407
105.47395824132326	T/A	298.1752319133146	144.29829796084334	A/G	10.504828445361259	106.99578402337772	A/G	30	0.005749068922518696	G/G	90.58699951733846	no	nordic	0.8166085981337725	3.801395042824468	24.619045066984082	343.98417890967403	19.150997586479882	3.2772176915878357	G/A	4.115156370902619	178.67798385474984	depleted	2.1340680678706794	low	4.674298690086433	178.42122308118468	50.14710471164068	7.666371689125244	38.728105060383015
91.58080459805308	T/T	261.0416058965361	134.36182283821057	A/G	9.26754769981506	93.75582831962714	G/G	0	50.57079840012721	G/G	92.95388073470761	no	nordic	0.9340645179025617	3.513937643521299	21.495128808342578	311.30641747967246	18.219878094670882	1.925911050243713	G/G	4.046277676818426	122.99043871238173	adequate	1.7311819394535224	moderate	3.7109864803967603	178.85126872221466	63.9629407165667	8.882249440023706	27.85484675840848
99.35810411447306	T/A	248.26904952296155	129.17901411179815	G/G	7.689584176125755	109.68924446296037	G/G	40	0.13505487390371904	G/G	97.27959142593262	yes	mediterranian	0.9529254068831826	3.750361270283206	19.26708316573083	254.18745640145895	21.627320084654137	2.2527429731676554	G/A	4.325398836443476	98.82881069934007	adequate	1.7045714913992258	moderate	3.25062357131429	187.3607816853928	51.4459710267801	9.096503408250108	26.564043843466212
104.41626708941129	A/A	245.30074763112967	134.6628135971809	G/G	10.793712099291634	91.66646003073775	A/G	50	20.965715323848354	G/G	98.51521521414135	no	nordic	1.159765830779901	4.554439371076592	19.13280717126153	246.5513846221079	19.73362907502034	2.606155133812792	G/A	3.7737344119890484	107.06267626330994	borderline	2.62835488803543	moderate	4.734756714436706	179.4603274643921	39.68577539139766	8.405406918886337	33.610068882613504
101.0604996245136	T/A	255.3972012287221	136.41050674535114	G/G	9.747108235013169	88.38306627463345	A/A	0	2.8713591582978917	G/G	94.91955966940354	no	prescribed	0.989214173694341	3.6467866149037915	23.81983589954423	263.60690429438466	18.623288342454885	3.3623148962593876	G/A	4.200518413953489	162.9537065310842	borderline	1.7951987103930043	moderate	4.210888191332186	218.1727997121631	61.900124734819784	10.061522488353749	35.11515102583457
97.93646310613651	T/A	233.95702316830207	140.28281194052022	A/G	10.633092488090771	110.73489149657482	A/G	30	15.002088076709423	G/G	90.67889936424022	yes	random	1.5	3.491350991346058	21.970176755663168	271.2338232965975	10.150852971651172	1.5671436310466422	G/G	2.9457105950208495	69.38106510824824	adequate	1.5429727264797344	moderate	4.243769529319215	217.81141168353633	56.2220340174091	10.592670004280649	33.501732027760234
95.69713110191515	A/A	244.59665098224522	128.7952772713908	G/G	7.811588432483466	96.52798647790908	G/G	0	1.1736576289235163	G/G	84.21346264635655	yes	prescribed	0.20685533280638127	3.794269050782746	22.620393428726842	296.3686138559901	24.325752556536074	2.3250591443146305	G/G	5.489398776089153	99.74296224386971	adequate	1.854971721209205	moderate	3.7040986748043103	151.51810048075208	52.87256446650645	8.639791101881446	26.098855713971158
98.09336235393704	T/T	159.58151796179868	138.1067428851287	A/A	10.869519159424089	104.04922960743758	A/A	10	8.92145437813668e-5	G/G	78.94837498552107	no	prescribed	1.2054709576269231	3.363692191247052	22.32472421324901	311.1735676639818	11.795602145221551	1.6789237144808218	G/G	3.593774557458582	81.33294061488812	borderline	2.198424677541772	low	4.26230181662924	159.88192995576256	55.976580021576936	10.940707665883153	25.49320395114564
99.99497576880955	T/A	293.156003192413	138.56211610746254	A/G	4.8191855330745925	96.34038827939278	A/G	30	5.391220729455153	G/G	81.55922471109909	no	random	0.9490477696389322	2.7273416586698622	18.517184320864814	325.30422992487996	19.2886685116718	3.526969282218384	G/G	5.251218543823495	137.94730993889914	adequate	1.7855809447708755	moderate	5.188933618586397	202.70657542953418	54.211864615410576	9.274494563829705	33.62224457675843
96.74047007820201	T/T	197.57769752582823	139.8211242989983	A/A	10.428189668024807	74.66919349109665	G/G	40	9.123193902664383	G/G	91.60387471639078	no	nordic	0.88658122590901145	3.598534181883644	20.7094875613709	286.4047970441054	17.351301856243047	3.367007236577208	G/A	3.6737798216935644	147.0118264208213	borderline	1.5581479993170402	low	5.071903748222763	107.75504905220137	60.83212632815325	8.625127623076338	29.06137153512069
105.46770739809071	T/T	231.37897482659756	133.18966527113767	G/G	9.951377345456152	91.39661584853985	A/G	20	0.12838558632976765	G/G	78.00910565961766	no	random	0.8687942642824429	3.7728884389693516	19.33528627125868	270.3956821469952	16.951119711187886	4.065192997846074	G/G	2.8882675673102893	118.92846610394155	adequate	1.8407635474679345	moderate	3.7254001075126775	181.259266109535	57.68365824096066	8.957337751470359	20.777279387700233
94.19438884620249	T/T	186.64860652227262	130.46848439176773	G/G	8.022722239305223	123.0023803645541	A/G	20	7.023910429020771	G/G	90.80018308269374	yes	prescribed	1.0807970845060622	3.698093469976767	15.30292828091595	327.07266327711886	15.028323797946646	2.494789495414513	G/G	4.487716799040461	58.84922565532222	adequate	1.6314282897659242	moderate	4.626899377513859	129.7687365783156	63.659493497139984	10.25420763698284	39.593210624455374
94.95936571892139	A/A	251.5924967921708	140.02027082228145	A/G	10.178313225818513	95.19195448063888	A/G	0	20.055202591837723	G/G	85.55013052610305	yes	prescribed	0.7335763384263132	3.775939091272156	6.004311063235053	296.279455006324	14.2521583125564	3.6444996385803616	G/G	4.794723818605448	131.6974345211948	adequate	1.5461104933479124	moderate	3.186512522587526	143.04133081291252	44.55240640051283	10.308646487048968	21.71618162387498
105.07648315516296	T/T	201.16992546251583	138.4440702220449	A/A	5.844329491080218	104.3451831046531	A/A	10	1.005709583289738	G/G	90.35552725550414	no	prescribed	0.8958415354916611	3.789353389748629	19.074986605456324	200.66029937324745	13.314674537501366	3.23835773470012	G/G	2.2289603681697203	83.66234720048973	depleted	2.1114466794557414	low	4.664020897757908	156.77392808692005	30	8.426070008327413	12.631221488511384
103.69970883105061	T/A	228.29352993837136	134.98934799053748	G/G	11.046079687912544	74.5993168222914	G/G	40	0.6169609997411848	G/G	93.45638413439296	no	random	1.000962522488635	3.496123753822333	21.267012652627972	253.76105163073595	13.993190016524961	3.7145174854966596	G/A	2.660508428157888	141.5582212354234	adequate	1.808836655016576	moderate	4.025556408686722	142.2238854983578	50.11284746619039	8.411927098195605	28.58051648644756
97.21941935836243	T/A	176.74381413618897	150.36330219612492	A/G	6.559310466927894	86.16981505717635	G/G	0	4.342394670685019	G/G	81.49053895547284	yes	nordic	0.773208050848058	3.6631909198499186	13.560631557355252	310.6082743747909	8.85562376553464	3.2941616207235263	G/G	4.234071993946731	139.4197943051401	depleted	1.7229996558205396	low	4.288121969769697	188.94333670286224	58.45611146209204	9.995428108066086	26.000714937754665
103.5415616571546	A/A	231.47771175603137	145.93299863032635	A/G	7.333415941199398	107.56437199156791	A/A	0	26.127990207629665	G/G	86.57258378134475	no	nordic	1.1283873293802387	4.217735975100593	20.722609021155044	296.3829667913976	14.095942421859728	1.485638615966303	G/A	4.164486160122456	126.95377794207856	borderline	2.5693040418994686	moderate	4.536483730472607	180.5275555445977	60.19707813688191	8.052060281113413	21.092549320528878
92.7694365237307	T/A	181.58626218893272	128.71062962640266	A/A	7.543122556429285	80.03260311110951	A/A	0	0.5683514753930455	G/G	85.31498953409604	yes	prescribed	0.7081439163854748	3.318520001435542	23.50617053209545	252.68680378777833	26.238672795204682	2.968490450604892	G/G	2.698857514574804	148.6084593891916	depleted	2.0997338871179148	low	3.7568031955717163	181.39839070686418	47.961704097783965	8.059857390456553	26.780359769096723
104.89537074682931	T/T	189.73210799245538	139.40606449346515	A/G	9.575557660298028	117.8031020398889	A/G	10	3.2849835602423436	G/G	81.71368642261643	no	nordic	0.7512364289136895	3.310975732592376	14.357086181983938	292.2620171133834	9.609641368652168	3.3208721201703586	G/G	5.168910503550542	115.92227961875425	depleted	1.5637965606151132	low	4.053047166314656	170.34396348419858	71.69119488041153	9.41869233270016	24.311195758526384
102.68894321678589	T/T	224.77198001410846	154.4206620117849	A/G	6.227396982386907	60	A/G	30	7.359834542390326	G/G	92.49746983264566	no	prescribed	0.804495456550659	3.694544615045848	23.14025829182558	286.2130256978171	20.2977973805208	2.8793973590183475	G/G	4.958728554540068	200	adequate	0.5	moderate	4.403163121664733	198.24998306939446	59.121230159262126	8.966122504108656	34.21947528005067
92.34891750100371	T/T	245.90353774158152	143.46827068150606	G/G	9.830914691611298	112.89252040260666	A/A	0	0.4156444079824128	G/G	77.80503571836968	yes	mediterranian	0.6798189112395898	3.657607164805675	20.264451821294347	271.50586107987476	11.480868104847028	3.0190051586527438	A/A	4.11347553338833	143.41500343971083	adequate	1.8118259389772917	moderate	3.3291975716085775	91.73961356995818	65.73769690344508	10.86002096921028	27.05122531734733
104.26402208895	T/A	269.2761255029398	127.07851667710509	A/G	8.758224198557194	97.73095311632038	A/G	20	5.713531337703377	G/A	87.46451210412332	yes	random	0.5809124157037822	3.607332743018293	20.058906546148364	385.4961255198615	11.958724238264832	2.5271976824165256	G/G	3.984304758202839	151.1354061473426	adequate	1.6779431623445626	moderate	3.4884571022006527	173.31949018860126	56.12660878950655	10.134402087010486	30.77239523883726
91.86583670580416	T/T	192.5396591890397	135.06043260325168	G/G	7.708449092062834	92.84844684551076	G/G	20	1.607095179191671	G/G	93.4894048705182	no	prescribed	1.2902353108238154	3.365122484334307	20.69653349936178	315.4554637324805	10.929294988409746	2.9288818132840273	G/A	2.6636346378563087	72.95630320023633	depleted	1.7705243368569112	low	4.566591209265451	168.35421872525976	41.867698263803156	9.640559895026803	42.72877600425817
92.72506658569634	T/A	195.5606873640413	139.13914368139964	A/G	11.390264000296295	74.01188123773416	G/G	0	0.035935057498913625	G/G	78.16268292269433	no	prescribed	0.8961838293508565	3.783113108733576	20.924453331139617	307.85866642519466	17.20530764794255	2.445959393745981	G/G	4.5597393808074695	144.84148904437308	depleted	1.6358965799639327	low	3.5110952810084264	185.42128069731558	75.59529499311999	8.554869524646152	9.119589232497852
87.11253476462535	A/A	172.58863355448742	127.18098079837212	G/G	4.507180500205385	82.99017166382885	A/G	10	1.600578710081064e-4	G/G	100.22262257378996	yes	prescribed	0.5675693640900803	3.0623022312574997	25.108102901408532	277.36859237508753	9.038767569602456	2.228682653365411	G/G	5.413081265958508	68.13747033084863	depleted	1.87836032203468	low	4.205681777584209	140.31970545682051	57.894517809652996	9.246053192951377	41.236479791805394
99.27567565132358	T/T	255.0230993930133	135.15471327141645	G/G	11.069460049104174	98.31965698266434	A/G	20	23.8220071155777	G/G	81.25451352784913	yes	mediterranian	1.0182252042343625	3.497079247424555	21.49747082550032	254.5854089098263	18.856829460357844	3.4324155343755733	G/A	3.7176402270873545	129.64925625977497	adequate	1.8462324815777857	moderate	3.8372987212262286	115.27221582099465	50.01504116128899	9.572204735300668	34.074396150489584
95.9406976516886	T/A	191.57684110065827	145.8910331822085	A/G	6.605396462924124	98.08979081260848	A/A	30	0.0678561063541212	G/G	75.88895087951487	yes	nordic	0.9701281367326079	3.0031305822594176	13.996972744732123	218.9541062772161	12.133241117257025	3.4668043526223236	G/G	5.009666740309944	105.4577842208747	depleted	1.5953257037240607	low	3.9745387548874356	175.57310156962464	41.03265996946848	9.247069670714794	11.520134982276806
91.39133351483164	T/A	192.17247477902234	144.2077000828608	A/A	6.372719711520475	117.79030322018369	A/A	20	0.1404842109407522	G/G	80.86241579120669	no	nordic	0.7079868975361273	3.581161357743425	16.3097498323045	328.10460154050986	7.899087920339198	5	G/G	5.389328124627263	124.86602734214073	depleted	1.8051576421401443	low	5.568463478439529	164.11430153651253	79.42845657103348	8.315443104572614	13.176952665465446
86.99553799992474	A/A	189.7120696169406	128.59676776077652	A/G	5.8810011196822	70.18370342655867	A/A	20	2.8683572957673555	G/G	86.30170281318306	yes	prescribed	0.8640213681947702	3.300045216647307	22.021260801990387	302.52882368761675	20.731486859449582	2.5134452546875954	G/A	3.6845124834048484	92.36524798172354	depleted	2.144792683027134	low	5.053493310201773	153.83748221419398	53.49920992262035	8.963408343519895	39.61600081204231
99.50060374527291	T/T	245.2900237618766	136.63491180862496	G/G	6.3017872431937185	94.19741257336938	A/A	20	0.079079101366661	G/G	79.75840803855638	yes	mediterranian	1.057329260369394	3.519779119886512	22.63105481498593	259.41310727398877	21.586031203981015	1.587214141188955	G/G	5.244344260090609	105.72573693678306	adequate	1.7967339718191395	moderate	3.5402250895233265	137.65135358911192	59.77800394426296	8.624214206964664	36.33814680982554
96.04168680287243	T/A	233.27569568882828	138.6083590143461	G/G	7.280667704925232	140	A/G	20	3.5176277656189274	G/G	90.03978453457371	yes	mediterranian	0.8976346385712497	3.7623140713559207	18.185366659003662	312.23794344207914	14.897042871663373	1.7970214033885616	G/G	4.123948151403083	100.09524502393242	adequate	1.7309268724940363	moderate	4.807815610834767	140.64527804409101	55.19513467880215	10.828786460780265	39.91841072859628
96.23154108273249	A/A	182.52352773398056	142.2398264021903	G/G	7.833895093116923	93.2274345242692	A/A	0	22.40345989397267	G/G	89.63818917632769	no	nordic	0.7741152102065665	3.336822802179693	20.15234036740071	256.76498833741607	15.239336259836543	3.4726943790052256	G/G	4.83287506987288	148.09558882719148	depleted	1.6570967626070094	low	3.9811038713826923	129.05218690417325	53.662569065890764	10.675488068955364	14.369920824681214
94.41883092441265	T/A	224.8629539655475	135.9495760534349	A/G	10.74962706160672	99.00354819256088	A/A	10	0.023439300874334636	G/G	84.05729875371081	no	nordic	0.7685089775349119	4.606021237430882	24.729903020122407	268.56015488494455	8.725362656927057	2.1385389263156407	G/G	4.471687776489763	150.73393895074094	borderline	2.27617776683594	moderate	4.238284735045289	151.19775931932537	55.14992166259296	10.851222846604138	25.539306984173272
101.88800585035634	T/A	247.2645629110077	144.86681760088786	G/G	9.023483746133742	92.62808547361251	A/G	0	38.978270165941325	G/G	92.87483713988128	no	mediterranian	1.1784698814004237	3.4061530961064976	19.081991780057553	290.3547302647837	19.7904720007927	3.2959165962479204	G/A	2.7054194584039193	101.4928623091118	adequate	1.8781171061225237	moderate	3.8456369686330563	165.05809537511445	61.045489455880656	7.810345146484474	25.178239731995728
86.50352693780236	T/A	246.69353833312172	128.13458381842582	G/G	10.42911942367995	101.45003693260367	G/G	10	3.2153127934118184	G/G	107.36355690489762	no	nordic	0.5019743378833745	4.512079715640549	20.160775645145783	281.13911595569925	19.128028583789945	4.105646848583623	G/G	3.879914489250724	155.87308705365876	borderline	2.39011578533258	moderate	4.95079822854621	192.25099876420978	47.65855526340707	10.445847212300935	8.239525060470514
90.66261279391428	T/A	244.41528682674235	131.83227393947982	G/G	7.311369535347387	105.11077204777305	A/G	20	15.275724534930731	G/G	94.01581607639969	no	mediterranian	0.6188728945331372	3.814777674428968	22.12230131517219	236.5956949192897	12.377787464655626	2.3257642584378164	G/G	3.9226609356795183	128.22646323676477	adequate	1.7611087320811052	moderate	4.338013346377598	160.71792211323984	55.691182124966375	9.470166510800604	22.651655597969256
103.38953804018664	T/A	297.0209706900404	143.59298638582965	A/G	6.35756073891876	113.47862593499748	A/G	10	11.005856703235667	G/G	80.70980520198904	yes	prescribed	0.9805594328827805	3.663757713442454	21.061647963602002	306.6846607535505	14.964047876667756	1.7542755763981728	G/G	4.190183794004486	108.99784960719764	adequate	1.7746127226750417	moderate	4.163763580307181	164.1943821711987	62.120766622852635	8.922870268174108	24.16335401905332
108.42532140811856	T/T	133.179653231078	139.45762416954696	A/G	7.352604258490036	120.53154518552687	A/G	20	3.7087312507533614	G/G	90.22880865352843	yes	nordic	1.164426914844902	3.7833314765993356	21.72110859537049	304.61396459471786	13.808842059593637	2.3118432834102975	G/G	4.171246854715117	84.5434344910268	depleted	1.7963415585821771	low	3.9861599595215234	190.36391779334204	55.10382052223019	9.979708802692022	19.63558910768414
89.95767815866175	A/A	242.3366773735406	140.3573766031633	A/G	13.980693696797282	94.50247572716336	A/A	20	0.7953014054186766	G/G	81.48278019428307	no	prescribed	0.920622891232405	3.745211313464223	5.794017018585999	348.7445206605523	13.369374170334885	2.3238324754755517	G/G	5.3893885011812666	119.60359779303742	adequate	1.668074838465693	moderate	3.660632401940765	159.25165687540277	62.259113751439706	9.775043124930212	28.250881433850694
89.02858375782213	T/A	230.15308006325742	147.6382020780823	A/G	5.217007839899683	109.9408768828659	A/G	60	9.58202665199804	G/G	87.91787185617943	no	mediterranian	0.5260201382876024	3.351820164968502	21.194697411698996	312.50504336926167	15.221605995036233	2.0768576567509305	G/A	4.10847328619497	167.684855096596	borderline	1.8430265942689754	moderate	5.624920759554675	200.63243078205792	52.83691126190949	9.083702175795198	21.863635737546428
105.83050493755947	T/A	252.92055261416064	126.87510515026041	G/G	10.2586520163931	112.64988284002527	A/G	30	0.09407197055975419	G/G	96.63155766098456	no	mediterranian	0.9804907514584102	3.483271056890587	18.569444301436512	331.6839342281026	14.086376120359748	1.8452482771191345	G/A	3.620573197235411	96.38861474488125	adequate	1.8034570763944986	moderate	3.4787022234791403	157.19439072398063	47.95698967058085	8.814579793524073	33.11448478578294
92.32926764400281	T/A	269.7237200387079	145.2482667441747	A/G	7.143507695352381	81.83272830643612	A/G	10	0.015066276562590332	G/G	76.30416650182094	no	prescribed	0.9581853912852681	3.472457699932406	24.880416930872656	263.3516414576847	12.75371484710367	1.5663413615570259	G/G	2.9213067503821906	92.22464410313904	adequate	1.2883158984928307	moderate	5.080422353599699	179.73216290718184	77.13447009011779	9.02174890891504	23.95070402858455
89.91747626005973	T/T	207.217240643852	155.10835769398008	G/G	11.218540908636742	102.42568141810807	G/G	0	4.482119348285436	G/G	90.03769328558482	no	prescribed	0.968559507554364	3.3418633480733684	25.470319174935547	280.65037073171425	13.920892529915093	4.828710061938862	G/G	4.43036327856817	105.03708115635037	depleted	2.248875780677846	low	3.637674627106133	105.86248985917868	61.03189791127455	10.405560693525892	42.50827910718758
97.92247811307195	T/T	270.5674854057398	128.14156770994316	A/G	11.820109448550093	104.94089958902742	G/G	10	9.272424087414388	G/G	85.85237009841747	no	nordic	1.0318735850057363	3.727903922696769	18.503773470494124	247.62531875878665	14.54406489227283	1.5510391884004449	G/G	4.279797062421751	127.15577608077658	borderline	2.1201971410023916	low	4.206059739038803	149.15815242979656	63.88269720467628	8.59228047219435	29.08513837142028
103.45880493533365	A/A	193.42915956952876	136.2595029982023	A/G	8.37733945975928	75.1876961298296	G/G	30	1.9032642311976742	G/G	74.45429028427115	no	nordic	0.8505547557018016	3.1489568118145685	21.008814957163356	299.3753396593028	17.530833881637328	1.945889158139492	G/G	3.415214473699602	169.51194453181392	depleted	1.7143241032415732	low	3.4058578177767287	94.88532966421872	68.75675378210752	8.686030595296014	24.680307341040113
97.24121042907343	T/A	261.01967195273323	142.3940516466814	A/G	7.809167808408005	106.77512418822108	A/G	10	0.021518117065787705	G/G	86.90251293981535	yes	nordic	1.0061145147711568	4.19932675730539	22.124468849708283	347.344865966727	20.978501638399763	2.8661531958395265	G/G	3.7301507196711308	105.22773368412717	borderline	2.3582164512346004	high	4.851309989828836	120.41953577799194	72.33365081163475	8.285176668831443	16.777306280983765
120	T/T	175.23907295166373	140.89528749648485	G/G	8.461403797021529	87.9186550338362	A/A	30	1.768336841975195e-4	G/G	80.29139841350909	no	nordic	0.42428575096829546	3.4114512244535176	17.399809099486205	293.12153477295686	14.80867061344657	3.4147836787206494	G/G	5.085911333119891	97.8762816864304	depleted	1.5075002826475992	low	4.843774261393079	198.77131269496488	32.23717521041959	11.057912060128361	50
102.30197347459955	T/T	238.42241192951855	149.357505400401	G/G	8.873070403441446	97.8045647332799	G/G	30	0.040238206657373564	G/G	90.45061474112337	yes	mediterranian	1.08531611113168	3.4567461102485444	18.932766328396347	293.16407915452055	13.41968155896772	2.9782856046164357	G/A	3.891614020317507	108.9232568895652	adequate	1.4226103313875447	moderate	3.828456024872347	151.18736471725737	48.22201540520574	8.271852378605514	42.31388817438938
109.0774450950021	T/A	237.84678681836292	148.9488299573609	A/A	7.059837244654115	111.81441993732773	A/G	20	0.16009616133108073	G/G	94.12999321171846	yes	mediterranian	0.4928131186370396	3.3542064911660807	21.073462431579483	246.68699763002294	16.286319883066902	2.3413264262997155	G/G	4.932229553454734	142.66726586985283	adequate	1.791659291702862	moderate	3.84691527473886	150.3703466993639	64.03168347271368	7	28.916694374640556
91.384474386072	T/A	246.99299299669303	148.21157925483936	A/G	9.971952475378366	88.73529802761374	A/G	30	6.371245963912732	G/G	90.58401710127195	no	mediterranian	0.6115035523121692	3.329286469245548	20.9981972413784	262.5081009908135	17.792981582836152	2.3662090951922927	G/G	3.175251436530474	121.58210506887839	adequate	1.740003803539971	moderate	4.562446282624259	226.4868016547011	65.37167571953157	10.06525031685041	32.20285561463765
84.43426255487728	T/A	202.74016899695903	136.65011021553318	G/G	6.876340289911878	79.71564164858422	A/G	40	2.406862891194695	G/G	84.41434724855769	yes	prescribed	1.3718858284932942	3.471648863064072	20.691071820688947	313.10432352925847	9.497239341126889	2.229411924670423	G/G	3.6518128977482123	143.99119921004723	depleted	2.308592809548409	low	4.8147126975171926	152.77831569745547	38.946322863229426	10.966721764801488	16.969144684737415
100.32737340291233	A/A	255.14937278219458	151.2075823306055	A/G	10.073316788942812	121.03391812710777	A/G	0	5.23633290454633	G/G	79.71789792116448	no	prescribed	0.8506685047914224	3.757474659366115	27.580081914201404	300.7035734163419	10.176983629243065	2.594707877917722	G/G	4.354909496879962	30	adequate	1.6273980572587714	moderate	4.009442361216394	161.79956230714765	41.55061290722067	10.647793618971475	13.052422617150844
100.26342979066979	T/A	190.02304411241658	135.26947300714022	A/G	9.721947287775134	103.91878126680339	G/G	20	4.275393132443646	G/G	84.03877884914147	no	prescribed	0.9862472093077673	3.6325957192326124	27.472720819842447	290.8641046975631	18.658168220848065	3.938060408606662	G/G	3.618967237494589	113.67535950786448	depleted	2.3244731732749617	low	3.6158159107768686	143.47365280659568	56.446852592537866	9.058827855734283	25.87451932864992
97.34184908891936	T/A	257.7776887904224	138.9176029626585	G/G	7.8008995134169	114.79618848830454	A/A	10	0.24372460617941827	G/G	97.2538302611533	yes	mediterranian	0.8536813225166155	3.8041639168676467	22.709208382006565	249.07508848132153	17.89335924034586	4.118854437166021	G/G	4.054768380762975	158.76289673224014	adequate	1.7008118101885805	moderate	4.992230697608457	140.2324451583421	63.01593577885477	9.321523585962971	21.765842965381996
102.37376008450588	T/A	202.22246346594395	131.63846726644732	G/G	3.529710531148096	90.08322153931891	A/G	10	0.03938212808860641	G/G	102.79951928357346	no	nordic	0.5578475832670545	3.696613110249146	5	282.0900641014817	10.470612045142534	1.1652299810117064	G/G	3.630470375126566	129.72049167232746	depleted	1.1779143192512194	low	4.204630558418518	136.61780341368296	65.90132900214923	9.929917101723358	33.40978679399104
103.25416512344853	A/A	239.61939636585154	134.76828531788067	A/G	8.563228565334512	94.69393720077765	A/G	10	3.197497195830052	G/G	94.41637317490367	no	nordic	1.0621501588539692	4.394989102276009	21.664845881335168	219.95260970492586	13.41933749172561	2.3383394008996934	G/G	3.6026597829493694	135.95451548249594	borderline	2.5446027150762274	moderate	5.039084742822324	153.86600126885145	39.88713334407052	9.346054325572592	38.53576914034996
102.3364956616602	T/T	185.24208376490216	151.97434573338464	A/G	8.841886705189225	85.92114608856292	G/G	10	28.96710576836105	G/G	95.86254158794611	no	nordic	0.8327982479836519	3.7428066695719484	15.504239588381163	264.9789817363456	7.980876862320013	3.085246872802965	G/G	4.692778704863315	114.69762758899954	depleted	1.8521810943139316	low	3.3706941112115625	142.32347886502623	57.05944434301283	10.742982258925547	31.484249944538217
97.05016864347094	A/A	239.5792340593871	148.09771270756545	G/G	10.233361283290883	93.65358158078394	A/A	10	0.5929618223918058	G/G	101.52449723422961	no	nordic	0.3714561994260849	4.181591384283623	18.705817530222678	299.179530840536	20.919398282126362	2.535583062658182	G/G	3.4792242847898978	114.94464154132856	borderline	2.1969659262950154	moderate	3.9534035974415254	167.0250940892056	50.89654569559434	8.250309487350192	35.46099893252647
95.25678214963634	T/T	203.94705598817777	138.37417343890982	G/G	7.743819009067904	115.98489301869559	A/A	0	4.096023944077231	G/G	84.28521959165076	no	prescribed	0.5597401856838115	3.786203201974695	18.367198227336083	303.3658902255658	9.226497986793252	3.6101415706453914	G/G	3.3811986993590226	156.29646570888139	depleted	2.0481633183228265	low	5.0821684637521205	196.47155511770868	73.04936597804948	8.123204339387499	33.85412100590415
95.42492033124539	T/A	161.45045344017288	141.33980003618305	A/G	7.836508952495202	113.28702176316794	A/G	0	12.28639459358071	G/G	87.06250182946465	no	nordic	0.8429842135238678	3.4968050220994753	17.841206397037467	287.82322581869795	15.948128528972942	3.8415223956194167	G/G	4.373368821569922	143.34526932990622	depleted	1.8216799101838363	low	2.7707604091654323	189.9353591193454	48.929091514090864	9.632297078252584	35.07265082257846
92.78785666507196	T/A	239.79858951909938	141.88739999747114	A/A	8.311475676277048	78.00839067400797	A/G	20	16.737159775715973	G/G	83.65628757692447	no	prescribed	1.3519775860798189	3.8238858222700927	13.958730682586012	286.6551608662092	21.37997730412587	2.8499389531651507	G/A	7.5	104.87770406763372	adequate	1.5228939381813174	moderate	4.788132056114457	178.37378253219222	49.396063556507805	9.820579392462344	11.091304954685418
100.55618066637817	T/A	226.1164090900852	134.1665693516461	A/G	7.985926849348507	97.51548743470435	A/G	0	18.38397176484816	G/G	79.52097943806197	no	random	0.5820015977513767	3.5275699544965633	18.159519464316286	292.67929841458215	18.369796324457482	3.1233996575870013	G/G	3.341903733809138	102.7326646092682	adequate	1.7940699333854684	moderate	3.891994887383306	177.4404478965319	57.15293954532869	9.28453801647844	18.92054558638487
88.4388925377713	T/A	228.0663430256134	141.89624927637362	G/G	9.290364545809318	91.4535364333867	A/G	50	19.43870415175273	G/G	80.6246845993473	yes	mediterranian	1.097902458766389	3.6513799872059924	25.75932222768299	313.6641191398537	15.311553090120194	2.9957892762413025	G/G	4.995058927984246	163.41219565571626	adequate	1.5858629884954214	moderate	4.513796250519418	127.87864675949827	55.25876464518271	8.809805496705085	29.853525009867244
100.35037734906915	T/T	199.40611008145316	144.34111977814229	G/G	10.617036570260879	105.09403826709281	G/G	20	4.0870197385391736	G/G	77.58283446385578	no	nordic	0.871193091898268	3.7314390039521155	16.985957250226647	282.98359903077375	15.350907641644772	2.708364090815733	G/G	2	153.26475626967016	depleted	1.6066144339444248	low	3.387254447776659	162.60980831141666	43.47759212532655	9.586107273470478	23.723592198564962
108.1705143162662	T/A	237.01210115452406	129.98126162554905	G/G	11.212149119065248	93.09989689802383	A/G	10	0.004704515954230628	G/G	74.32805208987737	yes	nordic	1.0684922863735828	4.552383020620901	18.74288658998549	360.29288477666734	10.521285924897251	2.254191809892826	G/G	4.978217824208199	92.81743974551048	borderline	2.2009310668524846	low	5.001434146256255	197.82939561251789	44.54138972689218	10.086958447046923	19.637750305127057
108.1705143162662	T/A	237.01210115452406	129.98126162554905	G/G	11.212149119065248	93.09989689802383	A/G	10	0.004704515954230628	G/G	74.32805208987737	yes	nordic	1.0684922863735828	4.552383020620901	18.74288658998549	360.29288477666734	10.521285924897251	2.254191809892826	G/G	4.978217824208199	92.81743974551048	depleted	2.2009310668524846	low	5.001434146256255	197.82939561251789	44.54138972689218	10.086958447046923	19.637750305127057
108.77203357987918	T/T	253.76457496254287	148.75165586367453	A/G	7.677047676824685	98.61806562067451	A/A	0	12.452812557748475	G/G	81.82483861896176	yes	prescribed	1.1035280699545713	3.4678519307636306	21.323167581226695	284.71232506422774	14.412054173651835	3.445655028078533	G/G	4.543958602320467	138.40349837600132	adequate	1.6868930985552597	moderate	5.278911752137177	182.83792244349192	48.91735331744147	10.095802138934603	14.469938077801848
95.41422751178709	A/A	197.86236291225737	132.98709595962083	G/G	6.025096950159879	78.2289506322964	A/G	10	0.23057749204838376	G/A	81.52516834868715	no	prescribed	0.5266429768947924	3.7035160645478937	14.969215918593788	241.86442074740708	21.322495753921856	3.4127343978202047	G/G	4.215594877559127	183.87365639271417	adequate	1.3672336752289485	moderate	4.602568497895863	148.86065471923303	49.813111380853	9.417267306652647	37.451646364314975
89.61083319043126	T/A	256.69127619766334	142.47980281179494	G/G	8.351307671607811	87.31238165025745	G/G	20	27.748762166810096	G/G	75.39811666731087	no	nordic	0.757491787766281	3.9686158236864824	24.06755960721004	244.346065251628	10.521796341487903	2.8894972747380794	G/G	5.0842341098515655	168.00113766701884	depleted	2.9546063106824985	low	4.442386275397381	126.34954052180541	46.80182473608074	8.935506778135446	24.522737748328662
98.87260034565713	T/A	174.89265488776414	136.91328964892475	G/G	10.446516825161115	86.91802016826901	A/G	30	0.16158870623509838	G/G	86.985858368436	no	prescribed	1.1031222699230248	3.749784347695839	18.626296065952374	308.89996079068555	16.504393358008194	2.8281807040789992	G/G	5.325296184020997	51.926877630728384	depleted	1.5470226315303917	low	5.4254810011216374	167.6759468279499	51.52217807874427	10.791201958919348	25.368602118949703
113.68572049843085	T/T	213.18745927029732	146.80193946957928	A/G	14.136667143238903	101.89168614269218	A/A	10	4.622203938820481e-4	G/G	101.91552545938242	yes	prescribed	0.8326574852131505	3.6389058346004175	13.125020753011482	342.47249346226306	15.587778278561842	2.9231496869478404	G/G	3.9296316763754944	153.88726305624579	adequate	1.8180788049406689	moderate	3.865624898486274	175.42288106003855	62.324971942395955	9.216085838052205	33.03373660044819
107.030329947215	T/A	263.6795182449232	138.04450067643603	A/G	9.693569859312664	96.76318638220363	A/A	10	8.589199829268184	G/G	89.1195280605514	yes	nordic	0.8401570686716036	3.6854210664480784	24.951382567544446	237.9065036202124	18.044402070361265	3.549416493922863	G/G	4.680927119971519	144.5219209479995	adequate	1.575126091919072	moderate	4.179784535573813	147.90976943639853	52.90984741609712	9.0131452183822809	23.680810010747187
101.13902962009092	T/A	245.61758852639178	138.64322752915035	G/G	9.011235328559874	84.76979090592758	A/G	20	0.34085686461661463	G/G	76.05878554793513	no	mediterranian	0.5710697737581112	3.370958308653769	22.707135400009587	317.6632563871737	23.7350963722939	3.4550748957615687	G/G	3.202725020894244	106.76937354495195	adequate	1.837482955336513	moderate	5.424211760787385	157.00810221843676	45.4698542034013	10.219982830299745	28.405109787758775
104.67652271218942	A/A	277.8093483826131	145.2174783807003	G/G	10.662259049128313	85.2991177428735	A/G	10	1.2762928550266623e-6	G/G	95.03712945086596	no	mediterranian	0.9397787158260671	3.0965127087559345	18.733082156309365	269.64748362003536	22.8778478608413	3.9493813469938863	G/G	4.498214087913082	79.16899626264977	adequate	1.3372008240712483	moderate	3.989543430909716	199.5741875437298	55.74772808366383	9.382480444096782	24.23366154893076
94.27168995390105	A/A	177.34264963524146	136.74841004823114	A/G	4.341638720518819	88.68309532827539	G/G	10	0.005074363873137867	G/G	86.94864402229256	no	nordic	0.8559765266870327	3.287149656358859	5.565785978193108	300.6158529034549	16.847619703515434	3.4960339223314874	G/G	3.5920419354402404	167.13014588151668	depleted	1.574892025769845	low	5.252394073625609	152.42498286018676	61.3994780696347	11.65517886845091	31.262060549927156
94.28470264722806	T/A	235.40733069093446	135.24919358606112	A/G	7.661692464705092	111.42657787393554	A/A	10	0.6648296298241276	G/G	82.99428389838103	no	nordic	0.5476082849913376	4.202944625179275	22.447841451407893	253.76000432259224	17.737381170790588	3.2621282975616595	G/G	4.514021289746617	147.07226947774586	borderline	2.5318193149382457	low	4.560750932069507	156.00320841782974	71.22867914494466	8.471114855474077	37.42879711682636
94.28470264722806	T/A	235.40733069093446	135.24919358606112	A/G	7.661692464705092	111.42657787393554	A/A	10	0.6648296298241276	G/G	82.99428389838103	no	nordic	0.5476082849913376	4.202944625179275	22.447841451407893	253.76000432259224	17.737381170790588	3.2621282975616595	G/G	4.514021289746617	147.07226947774586	depleted	2.5318193149382457	low	4.560750932069507	156.00320841782974	71.22867914494466	8.471114855474077	37.42879711682636
100.0022724748893	T/T	234.12758533586162	136.5930952730206	A/G	9.898608075247541	99.66108976097387	A/G	0	6.19619024791187	G/G	92.06835096596497	no	nordic	1.1928712527257965	3.178106039870128	19.463219332009086	328.54682560134574	20.52437763531608	3.2571533622579367	G/G	4.474416903943659	128.32500928339482	depleted	2.5873177721272684	low	3.08370859055799	210.84874221483076	74.2187904111432	10.163255093533554	36.444124571863476
94.155481365035385	T/T	246.77842896296804	141.03641172680423	A/G	8.5124901801449	91.97575367540297	A/G	20	0.18151735270920344	G/G	79.99980608436155	no	nordic	1.1795985940456846	3.509320194243492	21.625611555661614	304.0637401840834	20.499967791572686	3.527378179567697	G/G	4.102504476182653	178.80982965731965	adequate	1.4869649282495185	moderate	4.381127780475906	176.8815937212081	57.406915426901335	10.894610791302672	38.76091459893993
95.91541786989623	T/A	262.3051659995728	141.58464195620758	A/A	9.327422994529712	85.68302981235243	A/A	20	0.040732738024943906	G/G	99.45645034168994	no	nordic	0.7350769440405207	4.043993170900981	18.018113205814046	314.81333048696024	16.086963344565667	3.098795326765677	G/G	4.157081312007255	76.47453556735145	depleted	2.8192621122430697	low	4.763380990173706	126.1880459738278	67.02694910287117	9.437261702317487	28.365720316861733
107.53628354762571	A/A	201.50705396369733	135.84868019439654	G/G	6.8181170196941	87.62920320269764	A/G	20	0.19078702366630812	G/G	78.5246746108176	no	prescribed	0.8757041186634535	3.0716896498336874	20.785085207900522	336.1440990102926	12.437419126213438	1.9935406335810895	G/G	2.6500140993435695	126.3592076663938	depleted	1.4393633382176863	low	3.370881588065009	127.42209401189206	47.122576473930664	11.172171972213857	14.300719093388217
90.17774250387856	T/A	230.68340975520854	125.79258972051471	G/G	6.583118294105317	100.78425204956285	G/G	20	3.3088213779589952	G/G	92.38116682893856	no	nordic	0.7606670150327716	4.360759734457934	20.536595292580706	357.35553587861193	17.111842659649515	4.342423430433235	G/G	2.396632761893251	125.15548620406888	borderline	2.614792765610554	low	4.150317002913744	194.56803902933467	51.723879370508556	10.459931209523972	27.885319300178956
90.17774250387856	T/A	230.68340975520854	125.79258972051471	G/G	6.583118294105317	100.78425204956285	G/G	20	3.3088213779589952	G/G	92.38116682893856	no	nordic	0.7606670150327716	4.360759734457934	20.536595292580706	357.35553587861193	17.111842659649515	4.342423430433235	G/G	2.396632761893251	125.15548620406888	depleted	2.614792765610554	low	4.150317002913744	194.56803902933467	51.723879370508556	10.459931209523972	27.885319300178956
93.69172020611751	T/T	207.96292203740754	140.76230086633774	G/G	6.980849410498791	119.39441653862505	G/G	60	0.003165104869186014	G/G	78.2739144633632	yes	prescribed	1.1059948203125507	3.165882299117764	20.57719012308595	263.13915368649424	12.987040758629501	3.8409684427879713	G/G	4.410612584636889	65.81358204685512	depleted	2.320065767561731	low	3.6285082198226313	140.93713339130693	45.10696758957929	9.213210690740842	33.366033830445616
102.65825724137318	T/A	273.8841377199006	151.32920695782508	G/G	11.45404397633077	91.17563022917602	G/G	20	0.36738967580334353	G/G	95.71759177801084	yes	nordic	0.8654337397374257	4.3120765357975355	19.655475999527603	214.1226304339791	18.524443768487217	2.579754327932622	G/G	5.2870947936605805	101.00914158651985	borderline	2.2815200756485217	high	5.132822832726089	174.17020357717638	58.96602211139843	8.163223014846139	17.20753334239715
95.48689740116093	T/T	269.18848200805576	135.65915752779702	A/G	7.186391809824512	110.02312233938707	G/G	60	7.146193780678478	G/G	94.08285780563165	no	mediterranian	0.6868977292171543	3.7109866892496726	22.05864725385768	350.1495269045923	15.22537532979764	2.547301058485744	G/A	4.084014048785701	103.62059490062673	adequate	1.271260006764639	moderate	4.8114396923517955	216.1606342486793	49.62673286767844	9.515077806090813	26.26574590646792
102.31915583826613	T/A	224.70176234512587	134.7298758943969	G/G	7.351187747519283	83.53096852850393	G/G	10	2.0466118222460765	G/G	74.41618685200058	yes	nordic	0.9261687713326375	4.839882918230423	18.272299864264387	247.0621174845385	16.313519724546623	4.128130791642901	G/G	5.112902384847435	178.01057831072683	borderline	2.164192476840255	low	4.210856465573059	150.67695705805716	53.69558231406603	10.782517303235261	16.01078548422471
102.31915583826613	T/A	224.70176234512587	134.7298758943969	G/G	7.351187747519283	83.53096852850393	G/G	10	2.0466118222460765	G/G	74.41618685200058	yes	nordic	0.9261687713326375	4.839882918230423	18.272299864264387	247.0621174845385	16.313519724546623	4.128130791642901	G/G	5.112902384847435	178.01057831072683	depleted	2.164192476840255	low	4.210856465573059	150.67695705805716	53.69558231406603	10.782517303235261	16.01078548422471
105.96955714186456	T/A	228.32391639932388	150.91173935323127	G/G	6.838475317208862	90.00104063193143	A/G	0	5.48168271889097	G/G	80.26953283663015	yes	random	1.0166750900099861	3.57453999871397	18.00361395021384	292.853629718665	17.59254010211538	1.2029157118505223	G/G	4.459685781890257	88.01039544081297	adequate	1.8385885854099986	moderate	4.159703604238285	118.54259461710635	48.12597077582893	10.432325172265852	26.634405721072145
90.66140699862574	T/A	263.7810468059964	146.88117966618108	A/A	7.565155491012151	119.33843272453802	A/G	40	1.8131763040719653	G/G	94.82141888261108	yes	mediterranian	0.7389451731665309	3.5609069380480047	21.21012467680714	290.27152774511393	20.929925424963574	2.9767639301284348	G/G	5.6120408955493986	88.01783156729567	adequate	1.5342653781862012	moderate	3.4851644736938874	188.06337806074492	45.040583718500386	10.147399360967158	16.58709953019699
87.68198373418966	T/T	206.4562257492226	150.66664326748491	G/G	7.742908092817912	92.96452896857049	G/G	0	68.07241798563885	G/G	100.70853693166636	no	prescribed	0.3366970402576373	3.82442659729426	6.120594336490035	265.85695234682964	17.056145482310338	3.067343232255318	G/G	2.9230255237554457	78.14762361974539	adequate	1.6508539281907724	moderate	3.9290664236193718	164.26299587270464	50.07594118420795	9.584328544565633	32.659488802699315
104.82768458540224	T/A	203.903367713616	136.3758483846815	A/G	9.29600542997302	93.09722279524144	A/G	20	18.486740362308733	G/G	91.95101647582663	no	prescribed	0.6782931873803804	3.79464080058912	14.154302728757322	283.6302573847602	17.745130758143006	2.077297466293186	G/A	4.343659632751958	157.08582664542553	adequate	1.8255835843949466	moderate	3.96344098941338	163.2352979120308	56.65815449672279	7.729790528406902	8.83509479843996
89.56824876849339	T/T	195.90217695429675	134.8054446906607	G/G	4.945611753961359	88.07904610004708	A/G	10	0.006500896621968136	G/G	86.52465861295495	yes	prescribed	0.7555308045339088	3.69745720976169	13.873726010873055	299.95855195939515	16.190642370963896	2.182682522301832	G/G	3.9598953463561974	130.57198092819118	adequate	1.7773640379861007	moderate	5.552181368865296	165.84481601042927	60.83821560150776	9.059630481412285	15.363506419463224
87.73766567396571	T/T	244.43024264698693	130.93857649018966	A/G	9.089952071760372	93.8994078631888	A/G	30	5.461890414424419	G/G	88.34307738278603	no	random	0.34212499230010557	3.431570209859735	24.31344766397465	280.5623942824493	15.368059462499225	3.6711439838001345	G/G	3.8709172393520452	146.43899192152776	adequate	1.4937435159978931	moderate	5.072732036371152	193.10453162098094	62.49812943705076	8.360968209550672	25.66147280841652
96.18295161491255	T/T	270.81382092710544	147.84491596587242	A/G	9.434038897316757	105.88265412451794	A/G	20	0.14366009566331706	G/G	90.01086681718814	yes	nordic	0.6453635110279399	3.3995747766904643	21.42745670017077	335.9623525246749	18.075736419958176	3.3530463147913587	G/A	4.733772708491463	132.26220972131568	depleted	2.2712085705612983	low	4.397277622012292	188.29660410784172	39.545027378829026	8.661359045973825	24.372775681975885
102.32428249301552	T/T	203.49776556244075	155.62808511773926	G/G	9.880622727267795	82.26955991791469	A/G	0	5.780953080953798	G/G	98.58132823453424	no	prescribed	0.68847901581352	3.5653740105358684	22.990635759819355	288.1814681059094	19.7445529569046	2.8052159999285347	G/G	4.003638760045122	77.35405200981347	depleted	1.9086254646892806	low	3.815550763077052	182.78759017802463	43.46989120352407	9.193201241383132	19.768024968186847
106.55584314566374	T/A	250.19782733581064	131.1936579110009	A/G	8.910081195523052	91.12726559697825	A/G	10	2.144580041220975	G/G	91.06605365712436	yes	prescribed	0	3.391252194832757	25.767973406879335	298.1941963042762	21.801541099163018	1.9031500301487299	G/G	5.383144926809942	102.58596369418824	adequate	1.660402823917615	moderate	3.4192994150178895	106.74095171630725	51.41499659854668	10.093911973323449	44.721898124039605
87.6285719983162	T/T	249.89506294429603	135.65488525469146	A/G	9.339527045406735	105.48889877985573	A/A	0	7.838103494526347e-4	G/G	86.78054416568196	no	nordic	0.8385522281289229	3.770505702004469	25.6548012364002	263.5288222071411	20.64749596099451	2.5192051601125582	G/G	3.1015136955960942	122.36665670313378	depleted	2.448907567991808	low	4.93544692979272	172.5720133308832	55.744378610515206	10.454672650671618	22.987029816282142
95.59427107517197	T/A	197.92510556417437	139.22114849661037	A/G	6.288078357829357	94.8603621693893	A/A	40	10.775006073381588	G/G	96.1430333841317	no	prescribed	0.841295282799637	3.8311455692769316	12.056178107128943	227.10392194477356	10.849592102862669	2.926885805266995	G/A	5.652804614111197	152.98796522693078	adequate	1.3596856161030622	moderate	4.153508822533292	148.0709749483786	58.284004252463234	8.230677597613566	30.004431314098117
99.84257204967882	T/A	248.80206993255348	139.56443919038816	G/G	10.832493188699893	103.3858211962919	A/A	30	1.370360865841904	G/G	83.36473386087286	no	nordic	0.9412185332949999	3.94756682290755	23.622249610765756	281.2226704083243	18.243378930316002	2.8061190618197003	G/G	3.506285987916321	140.82916915675094	depleted	2.5549468404786966	low	3.18486165843003	194.90490092168517	45.21784701775165	7.842694329556077	40.59391955273152
107.92709953900976	T/T	216.54863348156812	148.49673606692718	A/A	4.436132531802198	106.246431930391	A/G	0	30.032087293541185	G/G	85.54050663808785	yes	prescribed	0.48022397610796874	2.8866339168134973	8.552881370024092	371.71681520496554	16.29973117207243	2.9549481273846303	G/G	4.533101122423655	73.31200840724593	adequate	1.1314985533587665	moderate	3.2906733425116816	189.06783941340765	62.68269532627497	8.651167492466968	18.284151050207605
87.93300127221688	T/T	216.57493389079772	150.1475941581981	A/G	11.733158581072543	130.18018850942178	A/A	10	0.22145367077384745	G/G	85.4655144017215	yes	prescribed	0.8217484263053869	3.6321974692613423	14.541314438713949	267.48146613369494	13.266682329265832	2.481130990374525	G/G	3.5366593740667214	174.50611597092274	adequate	1.7208556611819503	moderate	4.317499365495626	184.60809739646103	49.14377049701034	9.816320825412362	16.734982842402317
